{
 "分水器/冷站冷冻供水管->  阀": 1.0,
 "分水器/冷站冷冻供水管->虚拟节点": 0.0,
 "冷机->分水器/冷站冷冻供水管": 0.5,
 "泵->冷机": 0.07692307692307693,
 "集水器/冷战冷冻回水管->泵": 0.0,
 "集水器/冷战冷冻回水管->  阀": 0.0,
 "  阀->分水器/冷站冷冻供水管": 0.0,
 "  阀->集水器/冷战冷冻回水管": 1.0,
 "  阀->空调末端": 0.0,
 "空调末端->虚拟节点": 1.0,
 "  阀->虚拟节点": 0.84765625,
 "定压水箱->  阀": 1.0,
 "虚拟节点->  阀": 0.38636363636363635,
 "虚拟节点->虚拟节点": 0.0,
 "虚拟节点->集水器/冷战冷冻回水管": 1.0,
 "新风口->空调机组": 1.0,
 "空调机组->送风口": 1.0,
 "空调机组->排风口": 0.0,
 "回风口->  阀": 1.0,
 "  阀->空调机组": 0.75,
 "回风口->空调机组": 1.0,
 "风机盘管->送风口": 1.0,
 "回风口->风机盘管": 1.0,
 "新风口->新风机组": 1.0,
 "新风机组->风机盘管": 1.0,
 "集水器/冷战冷冻回水管->虚拟节点": 0.94,
 "冷机->虚拟节点": 0.9318181818181818,
 "虚拟节点->分水器/冷站冷冻供水管": 0.92,
 "虚拟节点->泵": 0.2711864406779661,
 "冷机->泵": 0.3333333333333333,
 "泵->虚拟节点": 0.9852941176470589,
 "虚拟节点->冷机": 0.038461538461538464,
 "  阀->冷机": 1.0,
 "冷机->  阀": 0.05,
 "泵->  阀": 0.0,
 "板式换热器->虚拟节点": 1.0,
 "虚拟节点->板式换热器": 0.09375,
 "泵->板式换热器": 0.5,
 "板式换热器->泵": 0.875,
 "板式换热器->板式换热器": 0.5,
 "虚拟节点->冷却塔": 0.0,
 "自来水->泵": 1.0,
 "冷却塔->虚拟节点": 1.0
}