{
 "分水器/冷站冷冻供水管->冷机": 0.8924093382249558,
 "分水器/冷站冷冻供水管->  阀": 0.9603754492196699,
 "虚拟节点->分水器/冷站冷冻供水管": 0.7457426330154157,
 "冷机->泵": 0.7723546197025681,
 "泵->集水器/冷战冷冻回水管": 0.9278427450119978,
 "  阀->集水器/冷战冷冻回水管": 0.9007860070797468,
 "虚拟节点->集水器/冷战冷冻回水管": 0.4240631408912131,
 "空调末端->  阀": 0.9635909432530855,
 "虚拟节点->  阀": 0.7259636378734741,
 "空调末端->虚拟节点": 0.9675129323413015,
 "定压水箱->  阀": 0.6513918237734031,
 "  阀->虚拟节点": 0.8493851765134621,
 "虚拟节点->虚拟节点": 0.844690737198408,
 "冷机->分水器/冷站冷冻供水管": 0.9770298801570363,
 "新风口->空调机组": 0.9741512125483031,
 "空调机组->送风口": 0.7959157273893487,
 "排风口->空调机组": 0.9368460915679929,
 "  阀->空调机组": 0.8063676107699825,
 "回风口->  阀": 0.9059157224421851,
 "空调机组->  阀": 0.36586198857333335,
 "回风口->空调机组": 0.9831250617441465,
 "风机盘管->送风口": 0.9232990103008084,
 "回风口->风机盘管": 0.9184202417926302,
 "新风口->新风机组": 0.9300599114189689,
 "新风机组->风机盘管": 0.8575637787681343,
 "集水器/冷战冷冻回水管->虚拟节点": 0.6854059146731928,
 "冷机->虚拟节点": 0.8213082345604555,
 "泵->虚拟节点": 0.8643337470718954,
 "虚拟节点->泵": 0.7268304336851159,
 "虚拟节点->冷机": 0.2922362000144344,
 "泵->冷机": 0.6510617825615547,
 "分水器/冷站冷冻供水管->虚拟节点": 0.8261925826916056,
 "  阀->冷机": 0.734074834612421,
 "冷机->  阀": 0.5725478748562141,
 "  阀->泵": 0.8621201633563742,
 "板式换热器->虚拟节点": 0.8213695276592174,
 "泵->板式换热器": 0.5085652069155975,
 "板式换热器->板式换热器": 0.847880315146603,
 "板式换热器->泵": 0.5195188578495066,
 "虚拟节点->板式换热器": 0.6347677366709287,
 "冷却塔->虚拟节点": 0.8182765356917995,
 "自来水->泵": 0.5838274524305639
}