{
 "分水器/冷站冷冻供水管-冷机": 0.018528269277383963,
 "分水器/冷站冷冻供水管-  阀": 0.014822919597947265,
 "分水器/冷站冷冻供水管-虚拟节点": 0.1123179088638212,
 "冷机-分水器/冷站冷冻供水管": 0.018528269277383963,
 "冷机-泵": 0.05840707451743396,
 "泵-冷机": 0.05840707451743396,
 "泵-集水器/冷战冷冻回水管": 0.026667705199626024,
 "集水器/冷战冷冻回水管-泵": 0.026667705199626024,
 "集水器/冷战冷冻回水管-  阀": 0.010056523160272723,
 "集水器/冷战冷冻回水管-虚拟节点": 0.4068633364946266,
 "  阀-分水器/冷站冷冻供水管": 0.014822919597947265,
 "  阀-集水器/冷战冷冻回水管": 0.010056523160272723,
 "  阀-空调末端": 0.09094270168546083,
 "  阀-虚拟节点": 0.06900283040936094,
 "空调末端-  阀": 0.09094270168546083,
 "空调末端-虚拟节点": 0.03501597869200379,
 "  阀-定压水箱": 0.04489316984145807,
 "定压水箱-  阀": 0.04489316984145807,
 "虚拟节点-  阀": 0.06900283040936094,
 "虚拟节点-虚拟节点": 0.051758464732408055,
 "虚拟节点-分水器/冷站冷冻供水管": 0.1123179088638212,
 "虚拟节点-集水器/冷战冷冻回水管": 0.4068633364946266,
 "虚拟节点-空调末端": 0.03501597869200379,
 "新风口-空调机组": 0.29929053595634136,
 "空调机组-新风口": 0.29929053595634136,
 "空调机组-送风口": 0.06023439117500608,
 "空调机组-排风口": 0.036788414708755386,
 "送风口-空调机组": 0.06023439117500608,
 "排风口-空调机组": 0.036788414708755386,
 "空调机组-  阀": 0.1646544248573415,
 "回风口-  阀": 0.13614253682408575,
 "  阀-空调机组": 0.1646544248573415,
 "  阀-回风口": 0.13614253682408575,
 "空调机组-回风口": 0.21460484227394905,
 "回风口-空调机组": 0.21460484227394905,
 "送风口-风机盘管": 0.03826752659056049,
 "风机盘管-送风口": 0.03826752659056049,
 "风机盘管-回风口": 0.3987175518720759,
 "回风口-风机盘管": 0.3987175518720758,
 "新风口-新风机组": 0.25982898535280763,
 "新风机组-新风口": 0.25982898535280763,
 "新风机组-风机盘管": 0.20611016327156254,
 "风机盘管-新风机组": 0.20611016327156254,
 "冷机-虚拟节点": 0.10199523748073164,
 "泵-虚拟节点": 0.05805633739264692,
 "虚拟节点-冷机": 0.10199523748073164,
 "虚拟节点-泵": 0.05805633739264692,
 "冷机-  阀": 0.046331601780749576,
 "  阀-冷机": 0.046331601780749576,
 "泵-  阀": 0.05323909571024837,
 "  阀-泵": 0.05323909571024837,
 "板式换热器-虚拟节点": 0.05385887882432918,
 "虚拟节点-板式换热器": 0.05385887882432918,
 "泵-板式换热器": 0.08019529425630637,
 "板式换热器-泵": 0.08019529425630637,
 "板式换热器-板式换热器": 0.03467582372352425,
 "虚拟节点-冷却塔": 0.03907649617910297,
 "泵-自来水": 0.1571237533384598,
 "自来水-泵": 0.1571237533384598,
 "冷却塔-虚拟节点": 0.03907649617910297
}