{
 "分水器/冷站冷冻供水管->  阀": 0.8,
 "分水器/冷站冷冻供水管->虚拟节点": 0.0,
 "冷机->分水器/冷站冷冻供水管": 0.1,
 "泵->冷机": 0.07692307692307693,
 "集水器/冷战冷冻回水管->泵": 0.7,
 "集水器/冷战冷冻回水管->  阀": 0.2,
 "  阀->分水器/冷站冷冻供水管": 0.2,
 "  阀->集水器/冷战冷冻回水管": 0.8,
 "  阀->空调末端": 0.14285714285714285,
 "空调末端->虚拟节点": 0.9714285714285714,
 "  阀->虚拟节点": 0.8796875,
 "定压水箱->  阀": 1.0,
 "虚拟节点->  阀": 0.3878787878787879,
 "虚拟节点->虚拟节点": 0.5,
 "虚拟节点->集水器/冷战冷冻回水管": 0.9,
 "新风口->空调机组": 1.0,
 "空调机组->送风口": 1.0,
 "空调机组->排风口": 0.0,
 "回风口->  阀": 1.0,
 "  阀->空调机组": 1.0,
 "回风口->空调机组": 1.0,
 "风机盘管->送风口": 1.0,
 "回风口->风机盘管": 1.0,
 "新风口->新风机组": 1.0,
 "新风机组->风机盘管": 0.9833333333333333,
 "集水器/冷战冷冻回水管->虚拟节点": 1.0,
 "冷机->虚拟节点": 0.9636363636363636,
 "虚拟节点->分水器/冷站冷冻供水管": 0.944,
 "虚拟节点->泵": 0.36610169491525424,
 "冷机->泵": 0.06666666666666667,
 "泵->虚拟节点": 0.9705882352941176,
 "虚拟节点->冷机": 0.15384615384615385,
 "  阀->冷机": 0.9333333333333333,
 "冷机->  阀": 0.84,
 "泵->  阀": 0.0,
 "板式换热器->虚拟节点": 0.65,
 "虚拟节点->板式换热器": 0.1125,
 "泵->板式换热器": 1.0,
 "板式换热器->泵": 0.75,
 "板式换热器->板式换热器": 0.5,
 "虚拟节点->冷却塔": 0.06666666666666667,
 "自来水->泵": 1.0,
 "冷却塔->虚拟节点": 0.9333333333333333
}