{
 "分水器/冷站冷冻供水管->  阀": 0.7,
 "分水器/冷站冷冻供水管->虚拟节点": 0.0,
 "冷机->分水器/冷站冷冻供水管": 0.1,
 "泵->冷机": 0.6615384615384615,
 "集水器/冷战冷冻回水管->泵": 0.0,
 "集水器/冷战冷冻回水管->  阀": 1.0,
 "  阀->分水器/冷站冷冻供水管": 0.8,
 "  阀->集水器/冷战冷冻回水管": 1.0,
 "  阀->空调末端": 0.8,
 "空调末端->虚拟节点": 0.9714285714285714,
 "  阀->虚拟节点": 0.9203125,
 "定压水箱->  阀": 0.9,
 "虚拟节点->  阀": 0.8196969696969697,
 "虚拟节点->虚拟节点": 0.8,
 "虚拟节点->集水器/冷战冷冻回水管": 0.9,
 "新风口->空调机组": 0.98,
 "空调机组->送风口": 1.0,
 "空调机组->排风口": 1.0,
 "回风口->  阀": 0.9666666666666667,
 "  阀->空调机组": 0.975,
 "回风口->空调机组": 0.9333333333333333,
 "风机盘管->送风口": 0.9785714285714285,
 "回风口->风机盘管": 0.9181818181818182,
 "新风口->新风机组": 0.975,
 "新风机组->风机盘管": 0.95,
 "集水器/冷战冷冻回水管->虚拟节点": 0.632,
 "冷机->虚拟节点": 0.9545454545454546,
 "虚拟节点->分水器/冷站冷冻供水管": 0.912,
 "虚拟节点->泵": 0.9050847457627119,
 "冷机->泵": 0.8666666666666667,
 "泵->虚拟节点": 0.9294117647058824,
 "虚拟节点->冷机": 1.0,
 "  阀->冷机": 0.9272727272727272,
 "冷机->  阀": 0.96,
 "泵->  阀": 0.9454545454545454,
 "板式换热器->虚拟节点": 0.8666666666666667,
 "虚拟节点->板式换热器": 0.8625,
 "泵->板式换热器": 1.0,
 "板式换热器->泵": 0.35,
 "板式换热器->板式换热器": 1.0,
 "虚拟节点->冷却塔": 0.8666666666666667,
 "自来水->泵": 0.8,
 "冷却塔->虚拟节点": 0.8666666666666667
}