{
 "分水器/冷站冷冻供水管-冷机": 0.054784075064060134,
 "分水器/冷站冷冻供水管-  阀": 0.04431179940468718,
 "分水器/冷站冷冻供水管-虚拟节点": 0.1212970384040996,
 "冷机-分水器/冷站冷冻供水管": 0.054784075064060134,
 "冷机-泵": 0.05322319129944221,
 "泵-冷机": 0.05322319129944221,
 "泵-集水器/冷战冷冻回水管": 0.032823315506630216,
 "集水器/冷战冷冻回水管-泵": 0.032823315506630216,
 "集水器/冷战冷冻回水管-  阀": 0.03237513973091618,
 "集水器/冷战冷冻回水管-虚拟节点": 0.270724261832942,
 "  阀-分水器/冷站冷冻供水管": 0.04431179940468718,
 "  阀-集水器/冷战冷冻回水管": 0.03237513973091618,
 "  阀-空调末端": 0.09505645974952386,
 "  阀-虚拟节点": 0.046857043391278386,
 "空调末端-  阀": 0.09505645974952386,
 "空调末端-虚拟节点": 0.06087571612977918,
 "  阀-定压水箱": 0.12439752037079552,
 "定压水箱-  阀": 0.12439752037079552,
 "虚拟节点-  阀": 0.046857043391278386,
 "虚拟节点-虚拟节点": 0.032608712522128616,
 "虚拟节点-分水器/冷站冷冻供水管": 0.1212970384040996,
 "虚拟节点-集水器/冷战冷冻回水管": 0.270724261832942,
 "虚拟节点-空调末端": 0.06087571612977918,
 "新风口-空调机组": 0.28569975755400384,
 "空调机组-新风口": 0.28569975755400384,
 "空调机组-送风口": 0.029910429049367394,
 "空调机组-排风口": 0.020671331251206633,
 "送风口-空调机组": 0.029910429049367394,
 "排风口-空调机组": 0.020671331251206633,
 "空调机组-  阀": 0.2947515494478913,
 "回风口-  阀": 0.12448004356858704,
 "  阀-空调机组": 0.2947515494478913,
 "  阀-回风口": 0.12448004356858704,
 "空调机组-回风口": 0.40784230096160645,
 "回风口-空调机组": 0.40784230096160645,
 "送风口-风机盘管": 0.032647579752417076,
 "风机盘管-送风口": 0.032647579752417076,
 "风机盘管-回风口": 0.27950590127902936,
 "回风口-风机盘管": 0.27950590127902936,
 "新风口-新风机组": 0.20943266099754868,
 "新风机组-新风口": 0.20943266099754868,
 "新风机组-风机盘管": 0.173642270898761,
 "风机盘管-新风机组": 0.173642270898761,
 "冷机-虚拟节点": 0.07070284559747884,
 "泵-虚拟节点": 0.06327415285090746,
 "虚拟节点-冷机": 0.07070284559747884,
 "虚拟节点-泵": 0.06327415285090747,
 "冷机-  阀": 0.03357404851483758,
 "  阀-冷机": 0.03357404851483758,
 "泵-  阀": 0.08507759731821996,
 "  阀-泵": 0.08507759731821996,
 "板式换热器-虚拟节点": 0.0524177481742848,
 "虚拟节点-板式换热器": 0.05241774817428481,
 "泵-板式换热器": 0.07736152099136896,
 "板式换热器-泵": 0.07736152099136896,
 "板式换热器-板式换热器": 0.035341673581529474,
 "虚拟节点-冷却塔": 0.05718690530769699,
 "泵-自来水": 0.06002300477803955,
 "自来水-泵": 0.06002300477803955,
 "冷却塔-虚拟节点": 0.05718690530769699
}