{
 "分水器/冷站冷冻供水管->冷机": 0.3483029300433367,
 "分水器/冷站冷冻供水管->  阀": 0.8799305193797028,
 "虚拟节点->分水器/冷站冷冻供水管": 0.70809472307414,
 "冷机->泵": 0.7343941689580126,
 "泵->集水器/冷战冷冻回水管": 0.477740466934991,
 "集水器/冷战冷冻回水管->  阀": 0.6826391955985929,
 "虚拟节点->集水器/冷战冷冻回水管": 0.7095669714464594,
 "空调末端->  阀": 0.8907071462325992,
 "虚拟节点->  阀": 0.6906489421257059,
 "空调末端->虚拟节点": 0.9434161799137863,
 "定压水箱->  阀": 0.7807369561338178,
 "  阀->虚拟节点": 0.8360922332193435,
 "虚拟节点->虚拟节点": 0.6894550898889165,
 "集水器/冷战冷冻回水管->泵": 0.3192365627169548,
 "  阀->集水器/冷战冷冻回水管": 0.8212316031869036,
 "集水器/冷战冷冻回水管->虚拟节点": 0.5921187349118076,
 "  阀->空调末端": 0.5892278525375044,
 "  阀->分水器/冷站冷冻供水管": 0.6275682903817996,
 "泵->冷机": 0.6533449861732433,
 "冷机->分水器/冷站冷冻供水管": 0.3112663852788397,
 "虚拟节点->空调末端": 0.5750061772201654,
 "新风口->空调机组": 0.9701405031362321,
 "空调机组->送风口": 0.8272593848156355,
 "排风口->空调机组": 0.8317204264289052,
 "  阀->空调机组": 0.8244450716566842,
 "回风口->  阀": 0.9133313304234432,
 "回风口->空调机组": 0.9236456269574472,
 "风机盘管->送风口": 0.9099683237941742,
 "回风口->风机盘管": 0.9070996078850976,
 "新风口->新风机组": 0.9184344036721501,
 "新风机组->风机盘管": 0.8248028882207555,
 "风机盘管->新风机组": 0.6416066901771416,
 "冷机->虚拟节点": 0.8284593276934558,
 "虚拟节点->泵": 0.7157938151784679,
 "泵->虚拟节点": 0.827086627562272,
 "虚拟节点->冷机": 0.6035857902269807,
 "分水器/冷站冷冻供水管->虚拟节点": 0.798131360444674,
 "  阀->冷机": 0.652155924586208,
 "冷机->  阀": 0.669754728391829,
 "  阀->泵": 0.8270561858921137,
 "板式换热器->虚拟节点": 0.7839599232605069,
 "虚拟节点->板式换热器": 0.6694593612428766,
 "泵->板式换热器": 0.8166699195891237,
 "板式换热器->板式换热器": 0.8450407862036009,
 "板式换热器->泵": 0.5429732863341878,
 "冷却塔->虚拟节点": 0.8546272906866569,
 "自来水->泵": 0.7789126644848926,
 "虚拟节点->冷却塔": 0.7165632133496631
}