{
 "0@1": 0.6799400037775759,
 "0@3": 0.8071290170607784,
 "0@7": 0.6662976136828611,
 "1@0": 0.3294997913083564,
 "1@2": 0.7424016323864018,
 "2@1": 0.3650852197640235,
 "2@4": 0.9574637769099885,
 "2@5": 0.8747598964379372,
 "2@7": 0.28365547379542067,
 "3@0": 0.8792177174998534,
 "3@4": 0.12209130684992037,
 "4@2": 0.9337574880137585,
 "4@3": 0.05068438047198166,
 "5@2": 0.9177192320462204,
 "5@6": 0.8294322598894168,
 "6@5": 0.8673899269237143,
 "7@0": 0.36888522942488156,
 "7@2": 0.6593848231431385,
 "8@9": 0.8391842530805468,
 "8@11": 0.8071290170607784,
 "8@15": 0.8306388665413422,
 "9@8": 0.6738872397958932,
 "9@10": 0.8657827585920846,
 "10@9": 0.7558894766576906,
 "10@12": 0.5280241503813058,
 "10@13": 0.8193455358507344,
 "10@15": 0.6680617590595824,
 "11@8": 0.8792177174998534,
 "11@12": 0.6940276703205414,
 "12@10": 0.37658618924912685,
 "12@11": 0.7917158435014484,
 "13@10": 0.6888799993019724,
 "13@14": 0.7223389340968607,
 "14@13": 0.6573344169005136,
 "15@8": 0.7107985978081994,
 "15@10": 0.8144313612183041,
 "16@17": 0.6341768100134008,
 "16@19": 0.8378903240058493,
 "16@23": 0.9131347589697755,
 "17@16": 0.2511628313616524,
 "17@18": 0.6952505286676712,
 "18@17": 0.37787058690247183,
 "18@20": 0.6361766642543809,
 "18@21": 0.6170250302541385,
 "18@23": 0.08831086405138351,
 "19@16": 0.8974785814468311,
 "19@20": 0.6940276703205414,
 "20@18": 0.40193772841242226,
 "20@19": 0.7917158435014484,
 "21@18": 0.8270814236561468,
 "21@22": 0.8294322598894168,
 "22@21": 0.8673899269237143,
 "23@16": 0.9511325585456731,
 "23@18": 0.21569946900326556,
 "24@25": 0.6438014008956541,
 "24@27": 0.8115000806918746,
 "24@31": 0.6503521361255513,
 "25@24": 0.2812194303312262,
 "25@26": 0.6952505286676712,
 "26@25": 0.37787058690247183,
 "26@28": 0.6361766642543809,
 "26@29": 0.6170250302541385,
 "26@31": 0.34512528789727004,
 "27@24": 0.8830169453701813,
 "27@28": 0.6815374958095043,
 "28@26": 0.40193772841242226,
 "28@27": 0.7859727340260254,
 "29@26": 0.8270814236561468,
 "29@30": 0.8294322598894168,
 "30@29": 0.8673899269237143,
 "31@24": 0.33658105697168417,
 "31@26": 0.6257449810785165,
 "32@33": 0.6799400037775759,
 "32@35": 0.8071290170607784,
 "32@39": 0.6662976136828611,
 "33@32": 0.3294997913083564,
 "33@34": 0.6952505286676712,
 "34@33": 0.37787058690247183,
 "34@36": 0.6361766642543809,
 "34@37": 0.6170250302541385,
 "34@39": 0.34512528789727004,
 "35@32": 0.8792177174998534,
 "35@36": 0.6940276703205414,
 "36@34": 0.40193772841242226,
 "36@35": 0.7917158435014484,
 "37@34": 0.8270814236561468,
 "37@38": 0.8294322598894168,
 "38@37": 0.8673899269237143,
 "39@32": 0.36888522942488156,
 "39@34": 0.6257449810785165
}