{
 "0@1": 0.6721784417955751,
 "0@3": 0.6584969455016824,
 "1@0": 0.6714273718140074,
 "1@2": 0.6592625594938932,
 "2@1": 0.6721491219755422,
 "2@3": 0.6585268659750143,
 "3@0": 0.6713980176585029,
 "3@2": 0.6592924475952379,
 "4@5": 0.6721784417955751,
 "4@7": 0.6584969455016824,
 "5@4": 0.6714273718140074,
 "5@6": 0.6592625594938932,
 "6@5": 0.6721491219755422,
 "6@7": 0.6585268659750143,
 "7@4": 0.6713980176585029,
 "7@6": 0.6592924475952379,
 "8@9": 0.6721784417955751,
 "8@11": 0.6584969455016824,
 "9@8": 0.6714273718140074,
 "9@10": 0.6592625594938932,
 "10@9": 0.6721491219755422,
 "10@11": 0.6585268659750143,
 "11@8": 0.6713980176585029,
 "11@10": 0.6592924475952379,
 "12@13": 0.6721784417955751,
 "12@15": 0.6584969455016824,
 "13@12": 0.6714273718140074,
 "13@14": 0.6592625594938932,
 "14@13": 0.6721491219755422,
 "14@15": 0.6585268659750143,
 "15@12": 0.6713980176585029,
 "15@14": 0.6592924475952379,
 "16@17": 0.6721784417955751,
 "16@19": 0.694856931819938,
 "17@16": 0.6714273718140074,
 "17@18": 0.6813234521893983,
 "18@17": 0.6721306871373143,
 "18@19": 0.6948483554845222,
 "19@16": 0.6713468168597322,
 "19@18": 0.6812824455613204,
 "20@21": 0.6721784417955751,
 "20@23": 0.6584969455016824,
 "21@20": 0.6714273718140074,
 "21@22": 0.6592625594938932,
 "22@21": 0.6721491219755422,
 "22@23": 0.6585268659750143,
 "23@20": 0.6713980176585029,
 "23@22": 0.6592924475952379,
 "24@25": 0.6719791316257114,
 "24@27": 0.6669017070239754,
 "25@24": 0.6825233198373197,
 "25@26": 0.6592625594938932,
 "26@25": 0.6721491219755422,
 "26@27": 0.6669374892903577,
 "27@24": 0.6825775835363307,
 "27@26": 0.6591817348232802,
 "28@29": 0.6721784417955751,
 "28@31": 0.6584969455016824,
 "29@28": 0.6714273718140074,
 "29@30": 0.6592625594938932,
 "30@29": 0.6721491219755422,
 "30@31": 0.6585268659750143,
 "31@28": 0.6713980176585029,
 "31@30": 0.6592924475952379,
 "32@33": 0.6721784417955751,
 "32@35": 0.6584969455016824,
 "33@32": 0.6714273718140074,
 "33@34": 0.6592625594938932,
 "34@33": 0.6721491219755422,
 "34@35": 0.6585268659750143,
 "35@32": 0.6713980176585029,
 "35@34": 0.6592924475952379,
 "36@37": 0.6906343240287677,
 "36@39": 0.6583063541740812,
 "37@36": 0.6783340206596192,
 "37@38": 0.6588482430639034,
 "38@37": 0.6904010771745817,
 "38@39": 0.6585268659750143,
 "39@36": 0.6783132882596526,
 "39@38": 0.6592924475952379,
 "40@41": 0.6721784417955751,
 "40@43": 0.694856931819938,
 "41@40": 0.6714273718140074,
 "41@42": 0.6813234521893983,
 "42@41": 0.6721306871373143,
 "42@43": 0.6948483554845222,
 "43@40": 0.6713468168597322,
 "43@42": 0.6812824455613204,
 "44@45": 0.6721784417955751,
 "44@47": 0.694856931819938,
 "45@44": 0.6714273718140074,
 "45@46": 0.6813234521893983,
 "46@45": 0.6721306871373143,
 "46@47": 0.6948483554845222,
 "47@44": 0.6713468168597322,
 "47@46": 0.6812824455613204,
 "48@49": 0.6721784417955751,
 "48@51": 0.6584969455016824,
 "49@48": 0.6714273718140074,
 "49@50": 0.6592625594938932,
 "50@49": 0.6721491219755422,
 "50@51": 0.6585268659750143,
 "51@48": 0.6713980176585029,
 "51@50": 0.6592924475952379,
 "52@53": 0.6721784417955751,
 "52@55": 0.694856931819938,
 "53@52": 0.6714273718140074,
 "53@54": 0.6813234521893983,
 "54@53": 0.6721306871373143,
 "54@55": 0.6948483554845222,
 "55@52": 0.6713468168597322,
 "55@54": 0.6812824455613204,
 "56@57": 0.6767056042089333,
 "56@59": 0.6584969455016824,
 "57@56": 0.6712705320961594,
 "57@58": 0.676696129517639,
 "58@57": 0.6766656929113084,
 "58@59": 0.6581523386131803,
 "59@56": 0.6713980176585029,
 "59@58": 0.6765272470153947,
 "60@61": 0.6721784417955751,
 "60@63": 0.6584969455016824,
 "61@60": 0.6714273718140074,
 "61@62": 0.6592625594938932,
 "62@61": 0.6721491219755422,
 "62@63": 0.6585268659750143,
 "63@60": 0.6713980176585029,
 "63@62": 0.6592924475952379,
 "64@65": 0.6721784417955751,
 "64@67": 0.6584969455016824,
 "65@64": 0.6714273718140074,
 "65@66": 0.6592625594938932,
 "66@65": 0.6721491219755422,
 "66@67": 0.6585268659750143,
 "67@64": 0.6713980176585029,
 "67@66": 0.6592924475952379,
 "68@69": 0.6719791316257114,
 "68@71": 0.6669017070239754,
 "69@68": 0.6825233198373197,
 "69@70": 0.6592625594938932,
 "70@69": 0.6721491219755422,
 "70@71": 0.6669374892903577,
 "71@68": 0.6825775835363307,
 "71@70": 0.6591817348232802,
 "72@73": 0.6721784417955751,
 "72@75": 0.6584969455016824,
 "73@72": 0.6714273718140074,
 "73@74": 0.6592625594938932,
 "74@73": 0.6721491219755422,
 "74@75": 0.6585268659750143,
 "75@72": 0.6713980176585029,
 "75@74": 0.6592924475952379,
 "76@77": 0.6721784417955751,
 "76@79": 0.6584969455016824,
 "77@76": 0.6714273718140074,
 "77@78": 0.6592625594938932,
 "78@77": 0.6721491219755422,
 "78@79": 0.6585268659750143,
 "79@76": 0.6713980176585029,
 "79@78": 0.6592924475952379
}