{
 "回风口->风机盘管": 1.0,
 "回风口->  阀": 1.0,
 "  阀->虚拟节点": 0.9552238805970149,
 "集水器/冷战冷冻回水管->虚拟节点": 0.9796954314720813,
 "虚拟节点->冷机": 0.9921259842519685,
 "板式换热器->板式换热器": 1.0,
 "虚拟节点->  阀": 0.9172661870503597,
 "新风口->空调机组": 1.0,
 "风机盘管->送风口": 0.9661654135338346,
 "冷机->虚拟节点": 0.941747572815534,
 "泵->虚拟节点": 0.9577922077922078,
 "空调末端->冷却塔": 1.0,
 "虚拟节点->泵": 0.9622641509433962,
 "  阀->空调机组": 0.9746835443037974,
 "空调机组->排风口": 0.9361702127659575,
 "  阀->冷机": 0.8947368421052632,
 "虚拟节点->冷却塔": 0.14814814814814814,
 "泵->  阀": 0.9901960784313726,
 "虚拟节点->分水器/冷站冷冻供水管": 0.7409326424870466,
 "空调机组->送风口": 0.9254658385093167,
 "板式换热器->虚拟节点": 0.8529411764705882,
 "新风口->新风机组": 1.0,
 "泵->冷机": 0.968421052631579,
 "冷机->  阀": 0.9894736842105263,
 "回风口->空调机组": 1.0,
 "冷却塔->虚拟节点": 0.4,
 "  阀->空调末端": 1.0,
 "冷却塔->  阀": 1.0,
 "虚拟节点->板式换热器": 0.5342465753424658,
 "  阀->冷却塔": 0.95,
 "自来水->泵": 1.0,
 "新风机组->风机盘管": 0.8482142857142857,
 "板式换热器->泵": 0.3,
 "集水器/冷战冷冻回水管->泵": 0.95,
 "冷机->泵": 1.0,
 "分水器/冷站冷冻供水管->冷却塔": 1.0,
 "  阀->分水器/冷站冷冻供水管": 1.0,
 "集水器/冷战冷冻回水管->  阀": 1.0,
 "冷却塔->集水器/冷战冷冻回水管": 0.45,
 "定压水箱->  阀": 1.0,
 "冷却塔->冷却塔": 1.0,
 "泵->板式换热器": 0.8888888888888888,
 "分水器/冷站冷冻供水管->  阀": 0.85,
 "冷机->分水器/冷站冷冻供水管": 1.0,
 "  阀->集水器/冷战冷冻回水管": 1.0
}