{
 "回风口->风机盘管": 0.9952380952380953,
 "泵->虚拟节点": 0.9444444444444444,
 "  阀->虚拟节点": 0.9768009768009768,
 "风机盘管->送风口": 0.9814126394052045,
 "回风口->  阀": 0.9821428571428571,
 "集水器/冷战冷冻回水管->泵": 0.9473684210526315,
 "虚拟节点->泵": 0.9627039627039627,
 "虚拟节点->板式换热器": 0.863013698630137,
 "板式换热器->虚拟节点": 0.8787878787878788,
 "回风口->空调机组": 1.0,
 "冷机->虚拟节点": 0.9932432432432432,
 "  阀->冷机": 0.9043478260869565,
 "泵->冷机": 0.9787234042553191,
 "虚拟节点->分水器/冷站冷冻供水管": 0.7947368421052632,
 "空调机组->排风口": 0.956989247311828,
 "集水器/冷战冷冻回水管->虚拟节点": 0.9842105263157894,
 "虚拟节点->冷机": 0.975609756097561,
 "空调机组->送风口": 0.9554140127388535,
 "冷却塔->  阀": 1.0,
 "虚拟节点->  阀": 0.9129916567342073,
 "冷机->  阀": 0.9895833333333334,
 "虚拟节点->冷却塔": 0.9666666666666667,
 "新风口->空调机组": 1.0,
 "  阀->空调末端": 1.0,
 "空调末端->冷却塔": 1.0,
 "分水器/冷站冷冻供水管->  阀": 1.0,
 "新风口->新风机组": 0.8533333333333334,
 "定压水箱->  阀": 1.0,
 "冷却塔->集水器/冷战冷冻回水管": 1.0,
 "冷却塔->冷却塔": 1.0,
 "自来水->泵": 1.0,
 "板式换热器->板式换热器": 1.0,
 "分水器/冷站冷冻供水管->冷却塔": 0.95,
 "新风机组->风机盘管": 0.7894736842105263,
 "  阀->冷却塔": 1.0,
 "冷机->泵": 1.0,
 "  阀->空调机组": 0.9444444444444444,
 "冷却塔->虚拟节点": 0.8928571428571429,
 "集水器/冷战冷冻回水管->  阀": 1.0,
 "  阀->集水器/冷战冷冻回水管": 1.0,
 "  阀->分水器/冷站冷冻供水管": 1.0,
 "泵->  阀": 0.9519230769230769,
 "板式换热器->泵": 1.0,
 "冷机->分水器/冷站冷冻供水管": 1.0,
 "泵->板式换热器": 1.0
}