{
 "虚拟节点->  阀": 0.6770016626857878,
 "虚拟节点->冷机": 0.6114535596011915,
 "虚拟节点->冷却塔": 0.705525066658,
 "  阀->虚拟节点": 0.7200407286842404,
 "泵->虚拟节点": 0.7961048371822047,
 "冷却塔->虚拟节点": 0.7026647546283802,
 "冷机->泵": 0.6898113984227449,
 "自来水->泵": 0.8908350293129906,
 "冷机->虚拟节点": 0.7797329088858055,
 "虚拟节点->泵": 0.5952604558931484
}