{
 "虚拟节点-  阀": 0.0025420435805111165,
 "虚拟节点-空调末端": 0.015655654249488633,
 "  阀-虚拟节点": 0.0025420435805111165,
 "  阀-泵": 0.012438310283421534,
 "泵-  阀": 0.012438310283421534,
 "泵-空调末端": 0.004905130904604116,
 "空调末端-虚拟节点": 0.015655654249488633,
 "空调末端-泵": 0.004905130904604116
}