{
 "虚拟节点->  阀": 0.2944341853163108,
 "冷机->虚拟节点": 0.37228578010251245,
 "虚拟节点->冷却塔": 0.3360670901492862,
 "  阀->虚拟节点": 0.676875734650831,
 "泵->虚拟节点": 0.725534454286876,
 "冷却塔->虚拟节点": 0.6406762861984426,
 "冷机->泵": 0.7888712721980717,
 "自来水->泵": 0.6860442042908663,
 "虚拟节点->泵": 0.5896510371790968,
 "虚拟节点->冷机": 0.051024775757975316
}