{
 "虚拟节点-  阀": 0.09933938248533689,
 "虚拟节点-冷机": 0.08539541059385616,
 "虚拟节点-冷却塔": 0.09459471693383643,
 "  阀-虚拟节点": 0.09933938248533689,
 "虚拟节点-泵": 0.0378298506226437,
 "冷机-虚拟节点": 0.08539541059385616,
 "冷机-泵": 0.08554070185314647,
 "泵-虚拟节点": 0.0378298506226437,
 "泵-冷机": 0.08554070185314647,
 "泵-自来水": 0.2649860641513707,
 "自来水-泵": 0.2649860641513707,
 "冷却塔-虚拟节点": 0.09459471693383643
}