{
 "  阀->冷机": 0.7301777537391614,
 "送风口->风机盘管": 0.9314956936708711,
 "虚拟节点->  阀": 0.740792344226022,
 "  阀->定压水箱": 0.9471419690823194,
 "分水器/冷站冷冻供水管->虚拟节点": 0.8274556779827213,
 "送风口->空调机组": 0.9593612783682332,
 "冷机->虚拟节点": 0.8451965769281964,
 "风机盘管->送风口": 0.8834919019669654,
 "板式换热器->虚拟节点": 0.7629008227869674,
 "泵->虚拟节点": 0.852410236357993,
 "回风口->风机盘管": 0.9338322426607477,
 "回风口->  阀": 0.9143488837501241,
 "风机盘管->回风口": 0.878683034295456,
 "  阀->虚拟节点": 0.8123061722391183,
 "集水器/冷战冷冻回水管->虚拟节点": 0.7909184279718051,
 "排风口->空调机组": 0.9436247096822594,
 "冷机->泵": 0.8904394423840585,
 "新风机组->风机盘管": 0.7273469238128863,
 "虚拟节点->泵": 0.7772563260600248,
 "空调机组->新风口": 0.9100247001465722,
 "  阀->冷却塔": 0.9550895170240749,
 "虚拟节点->板式换热器": 0.7415427841425168,
 "虚拟节点->冷机": 0.7858650700716071,
 "泵->自来水": 0.9509440429378492,
 "冷却塔->  阀": 0.9375289167093264,
 "虚拟节点->冷却塔": 0.776114638270306,
 "冷机->  阀": 0.7366226872163347,
 "  阀->回风口": 0.9404345356920792,
 "泵->冷机": 0.8892098977165442,
 "空调末端->冷却塔": 0.95889093733581,
 "空调机组->送风口": 0.9073543649426764,
 "新风口->空调机组": 0.9424651564308276,
 "泵->集水器/冷战冷冻回水管": 0.88838815232455,
 "空调机组->回风口": 0.8547143933295317,
 "风机盘管->新风机组": 0.7523196298999492,
 "虚拟节点->分水器/冷站冷冻供水管": 0.6829508305315883,
 "  阀->空调机组": 0.7846316792312994,
 "冷却塔->虚拟节点": 0.7494881401802467,
 "虚拟节点->集水器/冷战冷冻回水管": 0.6633999968586847,
 "冷却塔->冷却塔": 0.9528792585717419,
 "空调末端->  阀": 0.9320736149184982,
 "板式换热器->板式换热器": 0.951696318674793,
 "冷却塔->空调末端": 0.9565277385493475,
 "分水器/冷站冷冻供水管->  阀": 0.933623881507883,
 "集水器/冷战冷冻回水管->  阀": 0.9356172156583001,
 "自来水->泵": 0.9621286726833583,
 "新风机组->新风口": 0.8900369594461535,
 "空调机组->  阀": 0.8380817132001982,
 "回风口->空调机组": 0.9015492889768594,
 "新风口->新风机组": 0.8453311990864255,
 "冷却塔->分水器/冷站冷冻供水管": 0.8494792626143396,
 "泵->  阀": 0.7446076130549587,
 "  阀->空调末端": 0.9176691368948996,
 "  阀->分水器/冷站冷冻供水管": 0.9390238507043132,
 "  阀->泵": 0.7243621099409437,
 "  阀->集水器/冷战冷冻回水管": 0.9374243904519525,
 "定压水箱->  阀": 0.9505173226346575,
 "分水器/冷站冷冻供水管->冷机": 0.905880672775646,
 "分水器/冷站冷冻供水管->冷却塔": 0.8094402892304553,
 "板式换热器->泵": 0.754165881941194,
 "冷机->分水器/冷站冷冻供水管": 0.9065782372458897,
 "空调机组->排风口": 0.9019113697914348,
 "泵->板式换热器": 0.8857704513463928,
 "冷却塔->集水器/冷战冷冻回水管": 0.9004282443346925,
 "集水器/冷战冷冻回水管->冷却塔": 0.8356173352197811,
 "集水器/冷战冷冻回水管->泵": 0.9072106712287488
}