{
 "虚拟节点->  阀": 0.6954084943089507,
 "冷机->虚拟节点": 0.8836297358633146,
 "虚拟节点->冷却塔": 0.703396557508154,
 "  阀->虚拟节点": 0.7387871953963,
 "虚拟节点->泵": 0.7022272426508619,
 "泵->虚拟节点": 0.8497408757536652,
 "冷却塔->虚拟节点": 0.6486896956779024,
 "冷机->泵": 0.12209130684992037,
 "自来水->泵": 0.8673899269237143,
 "泵->冷机": 0.7902800661325926,
 "泵->自来水": 0.7223389340968607
}