{
 "虚拟节点->  阀": 0.6734552776092725,
 "空调末端->虚拟节点": 0.6732276678058033,
 "泵->  阀": 0.6733659189888118,
 "空调末端->泵": 0.6605235046966776,
 "虚拟节点->空调末端": 0.694856931819938,
 "  阀->泵": 0.6803979876550464,
 "泵->空调末端": 0.6855447334198006,
 "  阀->虚拟节点": 0.6825233198373197
}