{
 "虚拟节点-  阀": 0.011518752060334507,
 "虚拟节点-冷机": 0.0037186177373377273,
 "虚拟节点-冷却塔": 0.010898798794747208,
 "  阀-虚拟节点": 0.011518752060334507,
 "虚拟节点-泵": 0.020964489439054834,
 "冷机-虚拟节点": 0.0037186177373377273,
 "冷机-泵": 0.023519184470627987,
 "泵-虚拟节点": 0.020964489439054834,
 "泵-冷机": 0.023519184470627987,
 "泵-自来水": 0.0740914290889397,
 "自来水-泵": 0.0740914290889397,
 "冷却塔-虚拟节点": 0.010898798794747208
}