{
 "  阀-冷机": 0.020233224523811894,
 "送风口-风机盘管": 0.03691346630341838,
 "虚拟节点-  阀": 0.07129150181179346,
 "  阀-定压水箱": 0.005329549129585824,
 "分水器/冷站冷冻供水管-虚拟节点": 0.1368588848321949,
 "送风口-空调机组": 0.031635702923501555,
 "冷机-虚拟节点": 0.05251694740131398,
 "风机盘管-送风口": 0.03691346630341838,
 "板式换热器-虚拟节点": 0.06318950416240732,
 "泵-虚拟节点": 0.08061657823384573,
 "回风口-风机盘管": 0.04870741446314937,
 "回风口-  阀": 0.019421504907975354,
 "风机盘管-回风口": 0.048707414463149364,
 "  阀-虚拟节点": 0.07129150181179346,
 "集水器/冷战冷冻回水管-虚拟节点": 0.13211640119300294,
 "排风口-空调机组": 0.03438771405840247,
 "冷机-泵": 0.008381669915299773,
 "新风机组-风机盘管": 0.038521823785629544,
 "虚拟节点-泵": 0.08061657823384573,
 "空调机组-新风口": 0.021391381099827304,
 "  阀-冷却塔": 0.012792100372194103,
 "虚拟节点-板式换热器": 0.06318950416240732,
 "虚拟节点-冷机": 0.05251694740131398,
 "泵-自来水": 0.01118462974550935,
 "冷却塔-  阀": 0.012792100372194103,
 "虚拟节点-冷却塔": 0.02751588633950389,
 "冷机-  阀": 0.020233224523811894,
 "  阀-回风口": 0.019421504907975357,
 "泵-冷机": 0.008381669915299775,
 "空调末端-冷却塔": 0.0062509054105872545,
 "空调机组-送风口": 0.031635702923501555,
 "新风口-空调机组": 0.021391381099827293,
 "泵-集水器/冷战冷冻回水管": 0.018953271708645365,
 "空调机组-回风口": 0.035531472280316265,
 "风机盘管-新风机组": 0.03852182378562955,
 "虚拟节点-分水器/冷站冷冻供水管": 0.1368588848321949,
 "  阀-空调机组": 0.047531045945108256,
 "冷却塔-虚拟节点": 0.027515886339503887,
 "虚拟节点-集水器/冷战冷冻回水管": 0.13211640119300289,
 "空调末端-  阀": 0.020212260393967806,
 "板式换热器-板式换热器": 0.015923941119978923,
 "冷却塔-空调末端": 0.0062509054105872545,
 "分水器/冷站冷冻供水管-  阀": 0.006048043657022016,
 "集水器/冷战冷冻回水管-  阀": 0.009414164705530914,
 "自来水-泵": 0.01118462974550935,
 "新风机组-新风口": 0.06543929572515692,
 "空调机组-  阀": 0.047531045945108256,
 "回风口-空调机组": 0.035531472280316265,
 "新风口-新风机组": 0.06543929572515693,
 "冷却塔-分水器/冷站冷冻供水管": 0.03932082449128119,
 "泵-  阀": 0.02745850190855362,
 "  阀-空调末端": 0.020212260393967806,
 "  阀-分水器/冷站冷冻供水管": 0.006048043657022016,
 "  阀-泵": 0.027458501908553614,
 "  阀-集水器/冷战冷冻回水管": 0.009414164705530914,
 "定压水箱-  阀": 0.005329549129585824,
 "分水器/冷站冷冻供水管-冷机": 0.003306319754500249,
 "冷却塔-冷却塔": 0.007232210930463386,
 "分水器/冷站冷冻供水管-冷却塔": 0.03932082449128119,
 "冷机-分水器/冷站冷冻供水管": 0.003306319754500249,
 "空调机组-排风口": 0.03438771405840246,
 "泵-板式换热器": 0.07426102881507983,
 "冷却塔-集水器/冷战冷冻回水管": 0.06453057303274899,
 "板式换热器-泵": 0.07426102881507983,
 "集水器/冷战冷冻回水管-冷却塔": 0.06453057303274899,
 "集水器/冷战冷冻回水管-泵": 0.018953271708645365
}