{
 "虚拟节点-  阀": 0.11130969823747204,
 "虚拟节点-冷机": 0.09975994176625337,
 "虚拟节点-冷却塔": 0.11532269096713899,
 "  阀-虚拟节点": 0.11130969823747204,
 "虚拟节点-泵": 0.15786288195632883,
 "冷机-虚拟节点": 0.09975994176625337,
 "冷机-泵": 0.18201480485475968,
 "泵-虚拟节点": 0.15786288195632883,
 "泵-冷机": 0.18201480485475968,
 "泵-自来水": 0.15209227949532636,
 "自来水-泵": 0.15209227949532636,
 "冷却塔-虚拟节点": 0.11532269096713899
}