{
 "虚拟节点->  阀": 0.7,
 "虚拟节点->冷却塔": 0.8166666666666667,
 "  阀->虚拟节点": 0.7,
 "虚拟节点->泵": 0.75,
 "冷机->虚拟节点": 0.575,
 "泵->冷机": 0.675,
 "泵->虚拟节点": 0.75,
 "自来水->泵": 0.95,
 "冷却塔->虚拟节点": 0.6333333333333333
}