{
 "  阀->虚拟节点": 0.019535545665474614,
 "冷机->虚拟节点": 0.0072068903377689566,
 "冷却塔->虚拟节点": 0.01765719254360249,
 "泵->虚拟节点": 0.017726604253932438,
 "冷机->泵": 0.033806479281210014,
 "自来水->泵": 0.10910526178556687,
 "虚拟节点->泵": 0.11440063033103677,
 "虚拟节点->冷却塔": 0.002733657261163122,
 "虚拟节点->  阀": 0.002294779061605471,
 "泵->自来水": 0.00025348052502507695,
 "虚拟节点->冷机": 0.00015948630430654077
}