{
 "虚拟节点-  阀": 0.30511229072916396,
 "虚拟节点-冷机": 0.0694742446873027,
 "虚拟节点-冷却塔": 0.2277160858799681,
 "  阀-虚拟节点": 0.30511229072916396,
 "虚拟节点-泵": 0.16814551099173553,
 "冷机-虚拟节点": 0.0694742446873027,
 "冷机-泵": 0.0937813368274362,
 "泵-虚拟节点": 0.16814551099173553,
 "泵-冷机": 0.0937813368274362,
 "泵-自来水": 0.043367037066707394,
 "自来水-泵": 0.043367037066707394,
 "冷却塔-虚拟节点": 0.2277160858799681
}