{
 "0@1": 0.7880702256086786,
 "0@3": 0.08040995136950038,
 "1@0": 0.18889667119193176,
 "1@2": 0.9143571559127965,
 "2@1": 0.24633561223265435,
 "2@3": 0.951309646222317,
 "3@0": 0.07015016667234206,
 "3@2": 0.7285055736667623,
 "4@5": 0.7880702256086786,
 "4@7": 0.17260280150997165,
 "5@4": 0.18889667119193176,
 "5@6": 0.7797510322377377,
 "6@5": 0.14832414702645785,
 "6@7": 0.728412203840776,
 "7@4": 0.7398347835303353,
 "7@6": 0.13385275757544038,
 "8@9": 0.7880702256086786,
 "8@11": 0.17260280150997165,
 "9@8": 0.18889667119193176,
 "9@10": 0.7797510322377377,
 "10@9": 0.14832414702645785,
 "10@11": 0.728412203840776,
 "11@8": 0.7398347835303353,
 "11@10": 0.13385275757544038,
 "12@13": 0.7880702256086786,
 "12@15": 0.17260280150997165,
 "13@12": 0.18889667119193176,
 "13@14": 0.7797510322377377,
 "14@13": 0.14832414702645785,
 "14@15": 0.728412203840776,
 "15@12": 0.7398347835303353,
 "15@14": 0.13385275757544038,
 "16@17": 0.7880702256086786,
 "16@19": 0.17260280150997165,
 "17@16": 0.18889667119193176,
 "17@18": 0.7797510322377377,
 "18@17": 0.14832414702645785,
 "18@19": 0.728412203840776,
 "19@16": 0.7398347835303353,
 "19@18": 0.13385275757544038,
 "20@21": 0.0186554158021927,
 "20@23": 0.037556659525508775,
 "21@20": 0.03183819148617679,
 "21@22": 0.9143571559127965,
 "22@21": 0.24633561223265435,
 "22@23": 0.951309646222317,
 "23@20": 0.8564891998916653,
 "23@22": 0.7285055736667623,
 "24@25": 0.7880702256086786,
 "24@27": 0.17260280150997165,
 "25@24": 0.18889667119193176,
 "25@26": 0.7797510322377377,
 "26@25": 0.14832414702645785,
 "26@27": 0.728412203840776,
 "27@24": 0.7398347835303353,
 "27@26": 0.13385275757544038,
 "28@29": 0.7880702256086786,
 "28@31": 0.17260280150997165,
 "29@28": 0.18889667119193176,
 "29@30": 0.7797510322377377,
 "30@29": 0.14832414702645785,
 "30@31": 0.728412203840776,
 "31@28": 0.7398347835303353,
 "31@30": 0.13385275757544038,
 "32@33": 0.7880702256086786,
 "32@35": 0.17260280150997165,
 "33@32": 0.18889667119193176,
 "33@34": 0.7797510322377377,
 "34@33": 0.14832414702645785,
 "34@35": 0.728412203840776,
 "35@32": 0.7398347835303353,
 "35@34": 0.13385275757544038,
 "36@37": 0.0186554158021927,
 "36@39": 0.9500951323453,
 "37@36": 0.03183819148617679,
 "37@38": 0.7797510322377377,
 "38@37": 0.14832414702645785,
 "38@39": 0.8889163638000346,
 "39@36": 0.9923397130747021,
 "39@38": 0.19105511444893294,
 "40@41": 0.7880702256086786,
 "40@43": 0.17260280150997165,
 "41@40": 0.18889667119193176,
 "41@42": 0.7797510322377377,
 "42@41": 0.14832414702645785,
 "42@43": 0.728412203840776,
 "43@40": 0.7398347835303353,
 "43@42": 0.13385275757544038,
 "44@45": 0.971749666829187,
 "44@47": 0.21835734708284482,
 "45@44": 0.8412291966803338,
 "45@46": 0.05514934475125162,
 "46@45": 0.06631121121470551,
 "46@47": 0.728412203840776,
 "47@44": 0.8865132473886618,
 "47@46": 0.13385275757544038,
 "48@49": 0.7880702256086786,
 "48@51": 0.17260280150997165,
 "49@48": 0.18889667119193176,
 "49@50": 0.7797510322377377,
 "50@49": 0.14832414702645785,
 "50@51": 0.728412203840776,
 "51@48": 0.7398347835303353,
 "51@50": 0.13385275757544038,
 "52@53": 0.7880702256086786,
 "52@55": 0.17260280150997165,
 "53@52": 0.18889667119193176,
 "53@54": 0.7797510322377377,
 "54@53": 0.14832414702645785,
 "54@55": 0.728412203840776,
 "55@52": 0.7398347835303353,
 "55@54": 0.13385275757544038,
 "56@57": 0.7880702256086786,
 "56@59": 0.17260280150997165,
 "57@56": 0.18889667119193176,
 "57@58": 0.7797510322377377,
 "58@57": 0.14832414702645785,
 "58@59": 0.728412203840776,
 "59@56": 0.7398347835303353,
 "59@58": 0.13385275757544038,
 "60@61": 0.971749666829187,
 "60@63": 0.21835734708284482,
 "61@60": 0.8412291966803338,
 "61@62": 0.05514934475125162,
 "62@61": 0.06631121121470551,
 "62@63": 0.728412203840776,
 "63@60": 0.8865132473886618,
 "63@62": 0.13385275757544038,
 "64@65": 0.0186554158021927,
 "64@67": 0.037556659525508775,
 "65@64": 0.03183819148617679,
 "65@66": 0.9143571559127965,
 "66@65": 0.24633561223265435,
 "66@67": 0.951309646222317,
 "67@64": 0.8564891998916653,
 "67@66": 0.7285055736667623,
 "68@69": 0.7880702256086786,
 "68@71": 0.17260280150997165,
 "69@68": 0.18889667119193176,
 "69@70": 0.7797510322377377,
 "70@69": 0.14832414702645785,
 "70@71": 0.728412203840776,
 "71@68": 0.7398347835303353,
 "71@70": 0.13385275757544038,
 "72@73": 0.7880702256086786,
 "72@75": 0.17260280150997165,
 "73@72": 0.18889667119193176,
 "73@74": 0.7797510322377377,
 "74@73": 0.14832414702645785,
 "74@75": 0.728412203840776,
 "75@72": 0.7398347835303353,
 "75@74": 0.13385275757544038,
 "76@77": 0.7880702256086786,
 "76@79": 0.17260280150997165,
 "77@76": 0.18889667119193176,
 "77@78": 0.7797510322377377,
 "78@77": 0.14832414702645785,
 "78@79": 0.728412203840776,
 "79@76": 0.7398347835303353,
 "79@78": 0.13385275757544038
}