{
 "虚拟节点-  阀": 0.46440962918004314,
 "虚拟节点-空调末端": 0.5483964497527799,
 "  阀-虚拟节点": 0.46440962918004314,
 "  阀-泵": 0.5748895821068266,
 "泵-  阀": 0.5748895821068266,
 "泵-空调末端": 0.5439612303631568,
 "空调末端-虚拟节点": 0.5483964497527799,
 "空调末端-泵": 0.5439612303631568
}