{
 "虚拟节点->  阀": 0.8096795716346206,
 "虚拟节点->空调末端": 0.08040995136950038,
 "  阀->泵": 0.8021853861835808,
 "泵->空调末端": 0.76987202819597,
 "空调末端->虚拟节点": 0.7808437672136868,
 "  阀->虚拟节点": 0.03183819148617679,
 "泵->  阀": 0.06631121121470551
}