{
 "分水器/冷站冷冻供水管->  阀": 1.0,
 "分水器/冷站冷冻供水管->冷却塔": 0.85,
 "冷机->分水器/冷站冷冻供水管": 1.0,
 "泵->冷机": 0.13,
 "集水器/冷战冷冻回水管->泵": 0.0,
 "集水器/冷战冷冻回水管->  阀": 0.1,
 "  阀->分水器/冷站冷冻供水管": 0.0,
 "  阀->集水器/冷战冷冻回水管": 0.9,
 "  阀->空调末端": 0.0,
 "空调末端->冷却塔": 1.0,
 "  阀->冷却塔": 0.9,
 "定压水箱->  阀": 1.0,
 "冷却塔->  阀": 0.08571428571428572,
 "冷却塔->冷却塔": 0.55,
 "冷却塔->集水器/冷战冷冻回水管": 1.0,
 "新风口->空调机组": 1.0,
 "空调机组->送风口": 0.07058823529411765,
 "空调机组->排风口": 0.07,
 "回风口->  阀": 1.0,
 "  阀->空调机组": 0.9375,
 "回风口->空调机组": 1.0,
 "风机盘管->送风口": 0.9928571428571429,
 "回风口->风机盘管": 1.0,
 "新风口->新风机组": 1.0,
 "新风机组->风机盘管": 0.9916666666666667,
 "集水器/冷战冷冻回水管->虚拟节点": 0.975,
 "冷机->虚拟节点": 0.928125,
 "  阀->虚拟节点": 0.6788235294117647,
 "虚拟节点->  阀": 0.27045454545454545,
 "虚拟节点->分水器/冷站冷冻供水管": 0.115,
 "虚拟节点->泵": 0.3422222222222222,
 "冷机->泵": 0.13333333333333333,
 "泵->虚拟节点": 0.959375,
 "虚拟节点->冷机": 0.16923076923076924,
 "  阀->冷机": 0.8916666666666667,
 "冷机->  阀": 0.74,
 "泵->  阀": 0.03636363636363636,
 "板式换热器->虚拟节点": 0.9857142857142858,
 "虚拟节点->板式换热器": 0.1125,
 "泵->板式换热器": 0.9,
 "板式换热器->泵": 0.1,
 "板式换热器->板式换热器": 0.5,
 "虚拟节点->冷却塔": 0.06666666666666667,
 "自来水->泵": 1.0,
 "冷却塔->虚拟节点": 0.8
}