{
 "分水器/冷站冷冻供水管->  阀": 0.05,
 "分水器/冷站冷冻供水管->冷却塔": 0.1,
 "冷机->分水器/冷站冷冻供水管": 1.0,
 "泵->冷机": 0.14615384615384616,
 "集水器/冷战冷冻回水管->泵": 0.15,
 "集水器/冷战冷冻回水管->  阀": 0.0,
 "  阀->分水器/冷站冷冻供水管": 0.95,
 "  阀->集水器/冷战冷冻回水管": 1.0,
 "  阀->空调末端": 0.9285714285714286,
 "空调末端->冷却塔": 1.0,
 "  阀->冷却塔": 0.15,
 "定压水箱->  阀": 1.0,
 "冷却塔->  阀": 0.07142857142857142,
 "冷却塔->冷却塔": 0.05,
 "冷却塔->集水器/冷战冷冻回水管": 0.9,
 "新风口->空调机组": 1.0,
 "空调机组->送风口": 0.0,
 "空调机组->排风口": 1.0,
 "回风口->  阀": 0.975,
 "  阀->空调机组": 0.975,
 "回风口->空调机组": 1.0,
 "风机盘管->送风口": 1.0,
 "回风口->风机盘管": 1.0,
 "新风口->新风机组": 1.0,
 "新风机组->风机盘管": 0.9666666666666667,
 "集水器/冷战冷冻回水管->虚拟节点": 0.968,
 "冷机->虚拟节点": 0.9522727272727273,
 "  阀->虚拟节点": 0.796031746031746,
 "虚拟节点->  阀": 0.2304,
 "虚拟节点->分水器/冷站冷冻供水管": 0.156,
 "虚拟节点->泵": 0.29491525423728815,
 "冷机->泵": 0.0,
 "泵->虚拟节点": 0.9411764705882353,
 "虚拟节点->冷机": 0.2153846153846154,
 "  阀->冷机": 0.8575757575757575,
 "冷机->  阀": 0.87,
 "泵->  阀": 0.13636363636363635,
 "板式换热器->虚拟节点": 0.9166666666666666,
 "虚拟节点->板式换热器": 0.15625,
 "泵->板式换热器": 0.3,
 "板式换热器->泵": 0.925,
 "板式换热器->板式换热器": 0.475,
 "虚拟节点->冷却塔": 0.06666666666666667,
 "自来水->泵": 1.0,
 "冷却塔->虚拟节点": 0.7666666666666667
}