{
 "  阀-冷机": 0.015579051898719528,
 "泵-自来水": 0.01195657003091012,
 "排风口-空调机组": 0.04664309840064167,
 "回风口-风机盘管": 0.043014129303574275,
 "泵-虚拟节点": 0.0747086527353129,
 "  阀-虚拟节点": 0.06346598317125916,
 "送风口-空调机组": 0.05160055772755274,
 "  阀-冷却塔": 0.010589994670929255,
 "虚拟节点-泵": 0.07470865273531291,
 "集水器/冷战冷冻回水管-冷却塔": 0.10248609897063693,
 "风机盘管-送风口": 0.04842763826458453,
 "虚拟节点-冷机": 0.05211454899620615,
 "回风口-  阀": 0.034892925082668745,
 "风机盘管-新风机组": 0.04501060635265567,
 "集水器/冷战冷冻回水管-泵": 0.005805481217883926,
 "虚拟节点-板式换热器": 0.056231543817855376,
 "板式换热器-虚拟节点": 0.056231543817855376,
 "冷机-虚拟节点": 0.05211454899620615,
 "风机盘管-回风口": 0.043014129303574275,
 "送风口-风机盘管": 0.04842763826458453,
 "  阀-泵": 0.016395415060500164,
 "虚拟节点-  阀": 0.06346598317125916,
 "回风口-空调机组": 0.023420764410178357,
 "空调机组-新风口": 0.04450639561301929,
 "虚拟节点-分水器/冷站冷冻供水管": 0.12575252005472515,
 "  阀-回风口": 0.034892925082668745,
 "空调机组-排风口": 0.04664309840064167,
 "虚拟节点-集水器/冷战冷冻回水管": 0.13036831950618047,
 "虚拟节点-冷却塔": 0.022479480596785655,
 "集水器/冷战冷冻回水管-虚拟节点": 0.13036831950618047,
 "空调机组-送风口": 0.05160055772755274,
 "冷却塔-  阀": 0.010589994670929255,
 "分水器/冷站冷冻供水管-虚拟节点": 0.12575252005472515,
 "新风机组-新风口": 0.11282591750004002,
 "冷机-  阀": 0.015579051898719528,
 "新风口-空调机组": 0.044506395613019285,
 "  阀-空调末端": 0.006749554375236487,
 "泵-冷机": 0.011465057179215641,
 "冷却塔-空调末端": 0.003350917215788644,
 "冷机-泵": 0.011465057179215638,
 "冷却塔-虚拟节点": 0.022479480596785652,
 "冷却塔-分水器/冷站冷冻供水管": 0.06014292510839221,
 "分水器/冷站冷冻供水管-  阀": 0.0067079613021278905,
 "空调末端-  阀": 0.006749554375236487,
 "新风口-新风机组": 0.11282591750004002,
 "定压水箱-  阀": 0.010311613065858196,
 "冷却塔-集水器/冷战冷冻回水管": 0.10248609897063693,
 "空调机组-  阀": 0.011304619195219036,
 "冷却塔-冷却塔": 0.004957109619016344,
 "自来水-泵": 0.01195657003091012,
 "空调末端-冷却塔": 0.003350917215788644,
 "空调机组-回风口": 0.023420764410178353,
 "板式换热器-板式换热器": 0.02181666888316304,
 "分水器/冷站冷冻供水管-冷却塔": 0.06014292510839221,
 "新风机组-风机盘管": 0.045010606352655656,
 "分水器/冷站冷冻供水管-冷机": 0.007858752286893563,
 "  阀-空调机组": 0.011304619195219036,
 "集水器/冷战冷冻回水管-  阀": 0.0018236732529759894,
 "  阀-集水器/冷战冷冻回水管": 0.0018236732529759894,
 "  阀-分水器/冷站冷冻供水管": 0.0067079613021278905,
 "泵-  阀": 0.01639541506050016,
 "板式换热器-泵": 0.0697334208493813,
 "泵-集水器/冷战冷冻回水管": 0.005805481217883926,
 "冷机-分水器/冷站冷冻供水管": 0.007858752286893563,
 "泵-板式换热器": 0.0697334208493813,
 "  阀-定压水箱": 0.010311613065858196
}