{
 "  阀->冷机": 0.7797927653159675,
 "自来水->泵": 0.9644751518112212,
 "排风口->空调机组": 0.9530157521929856,
 "泵->虚拟节点": 0.8649949022803,
 "回风口->风机盘管": 0.9320231946004119,
 "  阀->虚拟节点": 0.8424787283191109,
 "送风口->空调机组": 0.9728326139814899,
 "  阀->冷却塔": 0.9534380173572238,
 "冷却塔->集水器/冷战冷冻回水管": 0.9091595022025929,
 "送风口->风机盘管": 0.94066737480076,
 "冷机->虚拟节点": 0.8502037945120526,
 "  阀->回风口": 0.9514702058455184,
 "风机盘管->新风机组": 0.781670123418494,
 "泵->集水器/冷战冷冻回水管": 0.9236721549082993,
 "板式换热器->虚拟节点": 0.784297471072685,
 "分水器/冷站冷冻供水管->虚拟节点": 0.8437569885730365,
 "虚拟节点->板式换热器": 0.7223475690637058,
 "  阀->泵": 0.7643771095297339,
 "回风口->空调机组": 0.8225544036107524,
 "新风口->空调机组": 0.9655591386750625,
 "泵->冷机": 0.8838440549313606,
 "集水器/冷战冷冻回水管->虚拟节点": 0.7931312733897462,
 "冷机->  阀": 0.754947083684144,
 "虚拟节点->冷却塔": 0.7171247694968276,
 "虚拟节点->冷机": 0.6985003862065702,
 "新风机组->新风口": 0.8550667313433583,
 "冷却塔->虚拟节点": 0.8027759841081494,
 "空调机组->  阀": 0.9014513013770203,
 "  阀->空调末端": 0.9455727558957903,
 "冷机->泵": 0.8966914685090012,
 "空调末端->冷却塔": 0.9709327768875557,
 "泵->  阀": 0.7505585115714986,
 "冷却塔->分水器/冷站冷冻供水管": 0.8703902626372301,
 "分水器/冷站冷冻供水管->  阀": 0.938895155469619,
 "空调末端->  阀": 0.9328527745105499,
 "定压水箱->  阀": 0.968680432354449,
 "  阀->空调机组": 0.8003675515840717,
 "冷却塔->冷却塔": 0.9710489930432817,
 "虚拟节点->  阀": 0.6689140694307123,
 "空调机组->回风口": 0.7776323807297262,
 "板式换热器->板式换热器": 0.9444431077299056,
 "虚拟节点->泵": 0.7006226768341838,
 "新风机组->风机盘管": 0.8343776129092055,
 "分水器/冷站冷冻供水管->冷机": 0.952747153420882,
 "风机盘管->送风口": 0.6532415572895744,
 "  阀->集水器/冷战冷冻回水管": 0.9739081178506646,
 "冷却塔->  阀": 0.9563143272195044,
 "虚拟节点->分水器/冷站冷冻供水管": 0.5545633387810077,
 "泵->自来水": 0.7153608008372875,
 "集水器/冷战冷冻回水管->冷却塔": 0.734837577596908,
 "集水器/冷战冷冻回水管->泵": 0.8375188330999226,
 "冷却塔->空调末端": 0.9275345635767437,
 "泵->板式换热器": 0.9052974189586427,
 "空调机组->新风口": 0.7765987188658906,
 "风机盘管->回风口": 0.7174922678783283,
 "冷机->分水器/冷站冷冻供水管": 0.8991418244108662,
 "空调机组->排风口": 0.6990022835058841,
 "空调机组->送风口": 0.48001938749685286,
 "集水器/冷战冷冻回水管->  阀": 0.948076553711864,
 "分水器/冷站冷冻供水管->冷却塔": 0.813901626266993,
 "新风口->新风机组": 0.5180862375938143,
 "虚拟节点->集水器/冷战冷冻回水管": 0.5181369160087805,
 "  阀->分水器/冷站冷冻供水管": 0.9064753825315355
}