{
 "分水器/冷站冷冻供水管->  阀": 1.0,
 "分水器/冷站冷冻供水管->冷却塔": 0.95,
 "冷机->分水器/冷站冷冻供水管": 1.0,
 "泵->冷机": 0.67,
 "集水器/冷战冷冻回水管->泵": 0.95,
 "集水器/冷战冷冻回水管->  阀": 0.95,
 "  阀->分水器/冷站冷冻供水管": 0.85,
 "  阀->集水器/冷战冷冻回水管": 1.0,
 "  阀->空调末端": 0.9142857142857143,
 "空调末端->冷却塔": 1.0,
 "  阀->冷却塔": 0.9,
 "定压水箱->  阀": 0.95,
 "冷却塔->  阀": 0.8857142857142857,
 "冷却塔->冷却塔": 0.95,
 "冷却塔->集水器/冷战冷冻回水管": 1.0,
 "新风口->空调机组": 0.94,
 "空调机组->送风口": 0.7176470588235294,
 "空调机组->排风口": 0.88,
 "回风口->  阀": 0.8916666666666667,
 "  阀->空调机组": 0.9375,
 "回风口->空调机组": 0.9166666666666666,
 "风机盘管->送风口": 0.9928571428571429,
 "回风口->风机盘管": 0.9636363636363636,
 "新风口->新风机组": 0.975,
 "新风机组->风机盘管": 0.9916666666666667,
 "集水器/冷战冷冻回水管->虚拟节点": 0.945,
 "冷机->虚拟节点": 0.871875,
 "  阀->虚拟节点": 0.9552941176470588,
 "虚拟节点->分水器/冷站冷冻供水管": 0.96,
 "虚拟节点->  阀": 0.875,
 "虚拟节点->泵": 0.9377777777777778,
 "冷机->泵": 0.13333333333333333,
 "泵->虚拟节点": 0.915625,
 "虚拟节点->冷机": 0.8846153846153846,
 "  阀->冷机": 0.95,
 "冷机->  阀": 0.92,
 "泵->  阀": 0.9818181818181818,
 "板式换热器->虚拟节点": 0.8571428571428571,
 "虚拟节点->板式换热器": 0.9,
 "泵->板式换热器": 0.9,
 "板式换热器->泵": 0.9,
 "板式换热器->板式换热器": 0.8,
 "虚拟节点->冷却塔": 0.9,
 "自来水->泵": 0.7,
 "冷却塔->虚拟节点": 0.8
}