{
 "冷机->分水器/冷站冷冻供水管": 0.9290558406771373,
 "分水器/冷站冷冻供水管->  阀": 0.9484822838216662,
 "分水器/冷站冷冻供水管->冷却塔": 0.8395655737945621,
 "冷机->泵": 0.7532625920774954,
 "泵->集水器/冷战冷冻回水管": 0.9550146114333184,
 "  阀->集水器/冷战冷冻回水管": 0.9733138237257913,
 "冷却塔->集水器/冷战冷冻回水管": 0.8331984920272173,
 "空调末端->  阀": 0.9093149676462146,
 "  阀->冷却塔": 0.935871126908967,
 "空调末端->冷却塔": 0.9605996175876125,
 "定压水箱->  阀": 0.8928097351103762,
 "冷却塔->冷却塔": 0.8887707383594605,
 "冷却塔->  阀": 0.5502942510644172,
 "冷却塔->分水器/冷站冷冻供水管": 0.7028886096955208,
 "集水器/冷战冷冻回水管->  阀": 0.8261432818500946,
 "新风口->空调机组": 0.8563166011521832,
 "送风口->空调机组": 0.7285680664960715,
 "排风口->空调机组": 0.8274779673893947,
 "空调机组->送风口": 0.7567939002233457,
 "空调机组->排风口": 0.394423275688804,
 "  阀->空调机组": 0.7900775234841625,
 "回风口->  阀": 0.8480071986029429,
 "空调机组->  阀": 0.11275868162131497,
 "回风口->空调机组": 0.8498307130136432,
 "风机盘管->送风口": 0.8025951376750009,
 "回风口->风机盘管": 0.903800599728575,
 "新风口->新风机组": 0.8370131377421621,
 "新风机组->风机盘管": 0.8063344463469481,
 "风机盘管->新风机组": 0.7651054163936012,
 "送风口->风机盘管": 0.47805047911125953,
 "分水器/冷站冷冻供水管->虚拟节点": 0.7468877711206469,
 "集水器/冷战冷冻回水管->虚拟节点": 0.7997864545488425,
 "冷机->虚拟节点": 0.8400883380824432,
 "泵->虚拟节点": 0.8310216015521971,
 "  阀->虚拟节点": 0.8016529144804732,
 "虚拟节点->分水器/冷站冷冻供水管": 0.5683305190501228,
 "虚拟节点->泵": 0.7311756512648271,
 "虚拟节点->冷机": 0.518238679467344,
 "泵->冷机": 0.6109433859595347,
 "虚拟节点->  阀": 0.7857021194942985,
 "  阀->冷机": 0.7182212275964301,
 "冷机->  阀": 0.7302161582779815,
 "虚拟节点->集水器/冷战冷冻回水管": 0.012316062758986696,
 "  阀->泵": 0.8843396105419664,
 "泵->  阀": 0.8118731281399983,
 "板式换热器->虚拟节点": 0.8019952234601646,
 "虚拟节点->板式换热器": 0.8522559892709053,
 "泵->板式换热器": 0.8650320587892816,
 "板式换热器->板式换热器": 0.8259218495702193,
 "板式换热器->泵": 0.8921018268339362,
 "虚拟节点->冷却塔": 0.5705285241871445,
 "冷却塔->虚拟节点": 0.870414148890313,
 "自来水->泵": 0.6967533698200432
}