{
 "分水器/冷站冷冻供水管-冷机": 0.029761596716977153,
 "分水器/冷站冷冻供水管-  阀": 0.0058913846922205694,
 "分水器/冷站冷冻供水管-冷却塔": 0.035257124002211745,
 "冷机-分水器/冷站冷冻供水管": 0.029761596716977153,
 "冷机-泵": 0.06707962119705588,
 "泵-冷机": 0.06707962119705588,
 "泵-集水器/冷战冷冻回水管": 0.01629177970320314,
 "集水器/冷战冷冻回水管-泵": 0.01629177970320314,
 "集水器/冷战冷冻回水管-  阀": 0.016267370330291776,
 "集水器/冷战冷冻回水管-冷却塔": 0.1263638423695404,
 "  阀-分水器/冷站冷冻供水管": 0.0058913846922205694,
 "  阀-集水器/冷战冷冻回水管": 0.016267370330291776,
 "  阀-空调末端": 0.021990407952360964,
 "  阀-冷却塔": 0.03169692588573669,
 "空调末端-  阀": 0.021990407952360964,
 "空调末端-冷却塔": 0.03277266169023755,
 "  阀-定压水箱": 0.22651866697744594,
 "定压水箱-  阀": 0.22651866697744594,
 "冷却塔-  阀": 0.031696925885736686,
 "冷却塔-冷却塔": 0.02089023480560697,
 "冷却塔-分水器/冷站冷冻供水管": 0.035257124002211745,
 "冷却塔-集水器/冷战冷冻回水管": 0.1263638423695404,
 "冷却塔-空调末端": 0.03277266169023755,
 "新风口-空调机组": 0.4191220326991922,
 "空调机组-新风口": 0.4191220326991922,
 "空调机组-送风口": 0.1320611029728857,
 "空调机组-排风口": 0.05963222372967572,
 "送风口-空调机组": 0.1320611029728857,
 "排风口-空调机组": 0.05963222372967572,
 "空调机组-  阀": 0.1978925567512537,
 "回风口-  阀": 0.10341327332867782,
 "  阀-空调机组": 0.1978925567512537,
 "  阀-回风口": 0.10341327332867782,
 "空调机组-回风口": 0.39325069618980807,
 "回风口-空调机组": 0.39325069618980807,
 "送风口-风机盘管": 0.014159279213960957,
 "风机盘管-送风口": 0.014159279213960957,
 "风机盘管-回风口": 0.2648066131205791,
 "回风口-风机盘管": 0.2648066131205791,
 "新风口-新风机组": 0.23577235664558813,
 "新风机组-新风口": 0.23577235664558813,
 "新风机组-风机盘管": 0.06986319326853539,
 "风机盘管-新风机组": 0.06986319326853539,
 "分水器/冷站冷冻供水管-虚拟节点": 0.04703004835860174,
 "集水器/冷战冷冻回水管-虚拟节点": 0.4647467009644806,
 "冷机-虚拟节点": 0.11109474198659157,
 "泵-虚拟节点": 0.07702485452667587,
 "  阀-虚拟节点": 0.07532068018603429,
 "虚拟节点-分水器/冷站冷冻供水管": 0.04703004835860174,
 "虚拟节点-冷机": 0.11109474198659157,
 "虚拟节点-  阀": 0.07532068018603429,
 "虚拟节点-集水器/冷战冷冻回水管": 0.4647467009644806,
 "虚拟节点-泵": 0.07702485452667587,
 "冷机-  阀": 0.07865809085851773,
 "  阀-冷机": 0.07865809085851773,
 "泵-  阀": 0.062313502223749075,
 "  阀-泵": 0.062313502223749075,
 "板式换热器-虚拟节点": 0.06238066978340806,
 "虚拟节点-板式换热器": 0.06238066978340806,
 "泵-板式换热器": 0.10442284889330691,
 "板式换热器-泵": 0.10442284889330691,
 "板式换热器-板式换热器": 0.05580684930030409,
 "虚拟节点-冷却塔": 0.057105305336545197,
 "泵-自来水": 0.10721643606971369,
 "自来水-泵": 0.10721643606971369,
 "冷却塔-虚拟节点": 0.05710530533654521
}