{
 "分水器/冷站冷冻供水管->冷机": 0.8630657755433353,
 "分水器/冷站冷冻供水管->  阀": 0.9649562503161025,
 "分水器/冷站冷冻供水管->冷却塔": 0.7513696457895237,
 "冷机->分水器/冷站冷冻供水管": 0.8928273722603123,
 "冷机->泵": 0.6994825531035815,
 "泵->冷机": 0.6622589694428977,
 "泵->集水器/冷战冷冻回水管": 0.8304812173471735,
 "集水器/冷战冷冻回水管->泵": 0.8193976052013415,
 "集水器/冷战冷冻回水管->  阀": 0.9266717252561356,
 "集水器/冷战冷冻回水管->冷却塔": 0.7164440334339897,
 "  阀->分水器/冷站冷冻供水管": 0.9692182904548948,
 "  阀->集水器/冷战冷冻回水管": 0.9429390955864271,
 "  阀->空调末端": 0.8778750883299445,
 "  阀->冷却塔": 0.9060790040397427,
 "空调末端->  阀": 0.8743309834321812,
 "空调末端->冷却塔": 0.9431549992823435,
 "  阀->定压水箱": 0.700690843705349,
 "定压水箱->  阀": 0.9272095106827948,
 "冷却塔->  阀": 0.8923076114167041,
 "冷却塔->冷却塔": 0.9093411091079482,
 "冷却塔->分水器/冷站冷冻供水管": 0.7685846054796261,
 "冷却塔->集水器/冷战冷冻回水管": 0.8137137325581385,
 "冷却塔->空调末端": 0.910382337592106,
 "新风口->空调机组": 0.871272610086164,
 "空调机组->新风口": 0.4521505773869718,
 "空调机组->送风口": 0.6054090470916492,
 "空调机组->排风口": 0.8247290092630442,
 "送风口->空调机组": 0.7374701500645348,
 "排风口->空调机组": 0.7650967855333686,
 "空调机组->  阀": 0.5847835412534537,
 "回风口->  阀": 0.8945943161827986,
 "  阀->空调机组": 0.7817582604628143,
 "  阀->回风口": 0.7914063847981647,
 "空调机组->回风口": 0.4825013001262542,
 "回风口->空调机组": 0.875751996316062,
 "送风口->风机盘管": 0.8083897738393677,
 "风机盘管->送风口": 0.8225490530533287,
 "风机盘管->回风口": 0.5998078042479134,
 "回风口->风机盘管": 0.8646144173684924,
 "新风口->新风机组": 0.8091269505426144,
 "新风机组->新风口": 0.5733545938970263,
 "新风机组->风机盘管": 0.7748247239050022,
 "风机盘管->新风机组": 0.7087293283024978,
 "分水器/冷站冷冻供水管->虚拟节点": 0.6823838878708418,
 "集水器/冷战冷冻回水管->虚拟节点": 0.7670107561052962,
 "冷机->虚拟节点": 0.8122466241267003,
 "泵->虚拟节点": 0.803207071760968,
 "  阀->虚拟节点": 0.7824217271309476,
 "虚拟节点->分水器/冷站冷冻供水管": 0.6555675666922266,
 "虚拟节点->冷机": 0.7227325499457691,
 "虚拟节点->  阀": 0.7453165409779943,
 "虚拟节点->集水器/冷战冷冻回水管": 0.30291095758068354,
 "虚拟节点->泵": 0.7644555659337561,
 "冷机->  阀": 0.6281575434238229,
 "  阀->冷机": 0.6683551723622785,
 "泵->  阀": 0.7828123742751372,
 "  阀->泵": 0.821111325574902,
 "板式换热器->虚拟节点": 0.805496881861587,
 "虚拟节点->板式换热器": 0.7511367083692196,
 "泵->板式换热器": 0.4399779913900231,
 "板式换热器->泵": 0.5363438505314407,
 "板式换热器->板式换热器": 0.803645421069971,
 "虚拟节点->冷却塔": 0.7530203346063415,
 "泵->自来水": 0.7761159314152896,
 "自来水->泵": 0.8833323674850032,
 "冷却塔->虚拟节点": 0.7703679980189597
}