{
 "分水器/冷站冷冻供水管-冷机": 0.09310907651020926,
 "分水器/冷站冷冻供水管-  阀": 0.04818434985138383,
 "分水器/冷站冷冻供水管-冷却塔": 0.03806237893238178,
 "冷机-分水器/冷站冷冻供水管": 0.09310907651020926,
 "冷机-泵": 0.0633638314433205,
 "泵-冷机": 0.0633638314433205,
 "泵-集水器/冷战冷冻回水管": 0.07036663429899784,
 "集水器/冷战冷冻回水管-泵": 0.07036663429899784,
 "集水器/冷战冷冻回水管-  阀": 0.030463001498347724,
 "集水器/冷战冷冻回水管-冷却塔": 0.16006601082991626,
 "  阀-分水器/冷站冷冻供水管": 0.04818434985138383,
 "  阀-集水器/冷战冷冻回水管": 0.030463001498347724,
 "  阀-空调末端": 0.05648772356834394,
 "  阀-冷却塔": 0.07041401078320485,
 "空调末端-  阀": 0.05648772356834394,
 "空调末端-冷却塔": 0.05088324282110874,
 "  阀-定压水箱": 0.12720630148313028,
 "定压水箱-  阀": 0.12720630148313028,
 "冷却塔-  阀": 0.07041401078320485,
 "冷却塔-冷却塔": 0.0381255420326143,
 "冷却塔-分水器/冷站冷冻供水管": 0.03806237893238178,
 "冷却塔-集水器/冷战冷冻回水管": 0.16006601082991626,
 "冷却塔-空调末端": 0.05088324282110874,
 "新风口-空调机组": 0.2964686261356075,
 "空调机组-新风口": 0.2964686261356075,
 "空调机组-送风口": 0.05041209996392254,
 "空调机组-排风口": 0.0358276065114364,
 "送风口-空调机组": 0.05041209996392254,
 "排风口-空调机组": 0.0358276065114364,
 "空调机组-  阀": 0.04624180790664713,
 "回风口-  阀": 0.19425659836959722,
 "  阀-空调机组": 0.04624180790664713,
 "  阀-回风口": 0.19425659836959722,
 "空调机组-回风口": 0.2558510733941325,
 "回风口-空调机组": 0.2558510733941325,
 "送风口-风机盘管": 0.014334656723419702,
 "风机盘管-送风口": 0.014334656723419702,
 "风机盘管-回风口": 0.21437677871069188,
 "回风口-风机盘管": 0.21437677871069188,
 "新风口-新风机组": 0.19735325066378004,
 "新风机组-新风口": 0.19735325066378004,
 "新风机组-风机盘管": 0.03533301903204681,
 "风机盘管-新风机组": 0.03533301903204681,
 "分水器/冷站冷冻供水管-虚拟节点": 0.02887330783983452,
 "集水器/冷战冷冻回水管-虚拟节点": 0.44118218591899433,
 "冷机-虚拟节点": 0.11609653249140794,
 "泵-虚拟节点": 0.09666344196926584,
 "  阀-虚拟节点": 0.06114520867977558,
 "虚拟节点-分水器/冷站冷冻供水管": 0.02887330783983452,
 "虚拟节点-冷机": 0.11609653249140794,
 "虚拟节点-  阀": 0.061145208679775596,
 "虚拟节点-集水器/冷战冷冻回水管": 0.44118218591899433,
 "虚拟节点-泵": 0.09666344196926584,
 "冷机-  阀": 0.0584306132350579,
 "  阀-冷机": 0.0584306132350579,
 "泵-  阀": 0.06174648726859512,
 "  阀-泵": 0.061746487268595114,
 "板式换热器-虚拟节点": 0.08425572775183116,
 "虚拟节点-板式换热器": 0.08425572775183116,
 "泵-板式换热器": 0.00611880045472189,
 "板式换热器-泵": 0.00611880045472189,
 "板式换热器-板式换热器": 0.028715734779188918,
 "虚拟节点-冷却塔": 0.063609628197672,
 "泵-自来水": 0.0676555635193745,
 "自来水-泵": 0.0676555635193745,
 "冷却塔-虚拟节点": 0.063609628197672
}