{
 "冷机->分水器/冷站冷冻供水管": 0.8928273722603123,
 "  阀->分水器/冷站冷冻供水管": 0.9715095604116911,
 "冷却塔->分水器/冷站冷冻供水管": 0.7933733718466112,
 "冷机->泵": 0.7704132439821739,
 "泵->集水器/冷战冷冻回水管": 0.9234236963033459,
 "  阀->集水器/冷战冷冻回水管": 0.9429390955864273,
 "冷却塔->集水器/冷战冷冻回水管": 0.8216034896667733,
 "  阀->空调末端": 0.9426528125909333,
 "  阀->冷却塔": 0.9571669879439741,
 "空调末端->冷却塔": 0.9431549992823435,
 "定压水箱->  阀": 0.9272095106827949,
 "冷却塔->  阀": 0.7848365536458194,
 "冷却塔->冷却塔": 0.9197862265107517,
 "分水器/冷站冷冻供水管->  阀": 0.9419776068100494,
 "集水器/冷战冷冻回水管->泵": 0.3211677284534337,
 "集水器/冷战冷冻回水管->冷却塔": 0.8881766348073827,
 "空调末端->  阀": 0.16488879431927458,
 "分水器/冷站冷冻供水管->冷却塔": 0.6356965297373064,
 "泵->冷机": 0.5875473758665615,
 "新风口->空调机组": 0.871272610086164,
 "送风口->空调机组": 0.7374701500645349,
 "空调机组->排风口": 0.8247290092630442,
 "  阀->空调机组": 0.8015512953881139,
 "回风口->  阀": 0.9167191627196434,
 "空调机组->  阀": 0.02818664921400115,
 "  阀->回风口": 0.036232140126731566,
 "回风口->空调机组": 0.8757519963160622,
 "风机盘管->送风口": 0.8225490530533287,
 "回风口->风机盘管": 0.8646144173684924,
 "新风口->新风机组": 0.8091269505426144,
 "新风机组->风机盘管": 0.7836314866954832,
 "风机盘管->新风机组": 0.5759455679715202,
 "分水器/冷站冷冻供水管->虚拟节点": 0.7322992500256086,
 "集水器/冷战冷冻回水管->虚拟节点": 0.7921139911266659,
 "冷机->虚拟节点": 0.8516573676502126,
 "泵->虚拟节点": 0.8493616624464712,
 "  阀->虚拟节点": 0.8178266374186273,
 "虚拟节点->冷机": 0.518726072062688,
 "虚拟节点->泵": 0.7198427851667437,
 "虚拟节点->  阀": 0.7386901845086943,
 "虚拟节点->分水器/冷站冷冻供水管": 0.477116566918086,
 "虚拟节点->集水器/冷战冷冻回水管": 0.017745747331801558,
 "  阀->冷机": 0.6667417634503731,
 "冷机->  阀": 0.7336280705021097,
 "泵->  阀": 0.884746304371617,
 "  阀->泵": 0.8249668584050958,
 "板式换热器->虚拟节点": 0.8177569128086183,
 "虚拟节点->板式换热器": 0.7517586503965319,
 "板式换热器->泵": 0.5196845503869776,
 "板式换热器->板式换热器": 0.831548845720123,
 "泵->板式换热器": 0.7955218173257488,
 "冷却塔->虚拟节点": 0.8412612816548188,
 "自来水->泵": 0.8833323674850032,
 "虚拟节点->冷却塔": 0.5011648638288465
}