{
 "分水器/冷站冷冻供水管->  阀": 1.0,
 "分水器/冷站冷冻供水管->冷却塔": 0.9,
 "冷机->分水器/冷站冷冻供水管": 0.9,
 "泵->冷机": 0.6692307692307692,
 "集水器/冷战冷冻回水管->泵": 0.85,
 "集水器/冷战冷冻回水管->  阀": 0.95,
 "  阀->分水器/冷站冷冻供水管": 1.0,
 "  阀->集水器/冷战冷冻回水管": 1.0,
 "  阀->空调末端": 0.9285714285714286,
 "空调末端->冷却塔": 1.0,
 "  阀->冷却塔": 0.95,
 "定压水箱->  阀": 0.95,
 "冷却塔->  阀": 0.8714285714285714,
 "冷却塔->冷却塔": 0.85,
 "冷却塔->集水器/冷战冷冻回水管": 0.95,
 "新风口->空调机组": 0.95,
 "空调机组->送风口": 0.6941176470588235,
 "空调机组->排风口": 1.0,
 "回风口->  阀": 0.95,
 "  阀->空调机组": 0.975,
 "回风口->空调机组": 0.95,
 "风机盘管->送风口": 0.9928571428571429,
 "回风口->风机盘管": 0.9318181818181818,
 "新风口->新风机组": 0.9375,
 "新风机组->风机盘管": 0.9833333333333333,
 "集水器/冷战冷冻回水管->虚拟节点": 0.892,
 "冷机->虚拟节点": 0.925,
 "  阀->虚拟节点": 0.9230158730158731,
 "虚拟节点->分水器/冷站冷冻供水管": 0.924,
 "虚拟节点->  阀": 0.8464,
 "虚拟节点->泵": 0.9186440677966101,
 "冷机->泵": 0.03333333333333333,
 "泵->虚拟节点": 0.9323529411764706,
 "虚拟节点->冷机": 0.9384615384615385,
 "  阀->冷机": 0.9606060606060606,
 "冷机->  阀": 0.9,
 "泵->  阀": 0.9681818181818181,
 "板式换热器->虚拟节点": 0.6916666666666667,
 "虚拟节点->板式换热器": 0.95,
 "泵->板式换热器": 1.0,
 "板式换热器->泵": 0.325,
 "板式换热器->板式换热器": 1.0,
 "虚拟节点->冷却塔": 0.9333333333333333,
 "自来水->泵": 0.95,
 "冷却塔->虚拟节点": 0.7333333333333333
}