{
 "分水器/冷站冷冻供水管->冷机": 0.8359467641669278,
 "分水器/冷站冷冻供水管->  阀": 0.948482283821666,
 "分水器/冷站冷冻供水管->冷却塔": 0.8103355337711063,
 "冷机->分水器/冷站冷冻供水管": 0.9290558406771373,
 "冷机->泵": 0.6879589634269995,
 "泵->冷机": 0.6698108656138944,
 "泵->集水器/冷战冷冻回水管": 0.9550146114333188,
 "集水器/冷战冷冻回水管->泵": 0.8846479771343209,
 "集水器/冷战冷冻回水管->  阀": 0.9418203949902472,
 "集水器/冷战冷冻回水管->冷却塔": 0.6731324811973011,
 "  阀->分水器/冷站冷冻供水管": 0.9002979339702823,
 "  阀->集水器/冷战冷冻回水管": 0.9449101425878487,
 "  阀->空调末端": 0.8528272440778706,
 "  阀->冷却塔": 0.8788211863253865,
 "空调末端->  阀": 0.9093149676462149,
 "空调末端->冷却塔": 0.9605996175876127,
 "  阀->定压水箱": 0.765603433627246,
 "定压水箱->  阀": 0.8928097351103764,
 "冷却塔->  阀": 0.8539600565592007,
 "冷却塔->冷却塔": 0.8697079673431535,
 "冷却塔->分水器/冷站冷冻供水管": 0.7897301456559238,
 "冷却塔->集水器/冷战冷冻回水管": 0.8331984920272173,
 "冷却塔->空调末端": 0.9097163747665037,
 "新风口->空调机组": 0.8563166011521831,
 "空调机组->新风口": 0.5598479750165757,
 "空调机组->送风口": 0.6818471199306989,
 "空调机组->排风口": 0.7641143304281016,
 "送风口->空调机组": 0.7288617366825486,
 "排风口->空调机组": 0.7943863410011686,
 "空调机组->  阀": 0.7078783489441794,
 "回风口->  阀": 0.8480071986029429,
 "  阀->空调机组": 0.7413700348846424,
 "  阀->回风口": 0.6537506002333456,
 "空调机组->回风口": 0.593979639619511,
 "回风口->空调机组": 0.8498307130136431,
 "送风口->风机盘管": 0.7870327125626984,
 "风机盘管->送风口": 0.7991865537986874,
 "风机盘管->回风口": 0.689423821017883,
 "回风口->风机盘管": 0.903800599728575,
 "新风口->新风机组": 0.837013137742162,
 "新风机组->新风口": 0.639659887078382,
 "新风机组->风机盘管": 0.8058010155003946,
 "风机盘管->新风机组": 0.7708477076622321,
 "分水器/冷站冷冻供水管->虚拟节点": 0.7157947231067355,
 "集水器/冷战冷冻回水管->虚拟节点": 0.7800731392682629,
 "冷机->虚拟节点": 0.7944016096005929,
 "泵->虚拟节点": 0.7918667850445127,
 "  阀->虚拟节点": 0.7774860626656533,
 "虚拟节点->分水器/冷站冷冻供水管": 0.7080393433185033,
 "虚拟节点->冷机": 0.7053086023498655,
 "虚拟节点->  阀": 0.7548575683376626,
 "虚拟节点->集水器/冷战冷冻回水管": 0.3389440643209351,
 "虚拟节点->泵": 0.7302031742776524,
 "冷机->  阀": 0.6881168919465541,
 "  阀->冷机": 0.6969507915886316,
 "泵->  阀": 0.8285424120777843,
 "  阀->泵": 0.8731200321083187,
 "板式换热器->虚拟节点": 0.8050311367364613,
 "虚拟节点->板式换热器": 0.7214050178734688,
 "泵->板式换热器": 0.8672162135537145,
 "板式换热器->泵": 0.8621430571790579,
 "板式换热器->板式换热器": 0.8115639821806248,
 "虚拟节点->冷却塔": 0.7758570545431327,
 "泵->自来水": 0.6290978063006689,
 "自来水->泵": 0.6967533698200432,
 "冷却塔->虚拟节点": 0.8213921151189758
}