{
 "分水器/冷站冷冻供水管->  阀": 1.0,
 "分水器/冷站冷冻供水管->虚拟节点": 0.0,
 "冷机->分水器/冷站冷冻供水管": 0.05,
 "泵->冷机": 0.23846153846153847,
 "集水器/冷战冷冻回水管->泵": 0.2,
 "集水器/冷战冷冻回水管->  阀": 0.0,
 "  阀->分水器/冷站冷冻供水管": 0.0,
 "  阀->集水器/冷战冷冻回水管": 1.0,
 "  阀->空调末端": 0.08571428571428572,
 "空调末端->虚拟节点": 0.9571428571428572,
 "  阀->虚拟节点": 0.8890625,
 "定压水箱->  阀": 0.05,
 "虚拟节点->  阀": 0.4053030303030303,
 "虚拟节点->虚拟节点": 0.9,
 "虚拟节点->集水器/冷战冷冻回水管": 0.95,
 "新风口->空调机组": 1.0,
 "空调机组->送风口": 0.36470588235294116,
 "空调机组->排风口": 1.0,
 "回风口->  阀": 1.0,
 "  阀->空调机组": 1.0,
 "回风口->空调机组": 1.0,
 "风机盘管->送风口": 1.0,
 "回风口->风机盘管": 1.0,
 "新风口->新风机组": 1.0,
 "新风机组->风机盘管": 1.0,
 "集水器/冷战冷冻回水管->虚拟节点": 1.0,
 "冷机->虚拟节点": 0.884090909090909,
 "虚拟节点->分水器/冷站冷冻供水管": 1.0,
 "虚拟节点->泵": 0.2271186440677966,
 "冷机->泵": 0.03333333333333333,
 "泵->虚拟节点": 0.6029411764705882,
 "虚拟节点->冷机": 0.26153846153846155,
 "  阀->冷机": 0.8787878787878788,
 "冷机->  阀": 0.96,
 "泵->  阀": 0.05,
 "板式换热器->虚拟节点": 0.5666666666666667,
 "虚拟节点->板式换热器": 0.40625,
 "泵->板式换热器": 0.9,
 "板式换热器->泵": 0.675,
 "板式换热器->板式换热器": 0.5,
 "虚拟节点->冷却塔": 0.0,
 "自来水->泵": 1.0,
 "冷却塔->虚拟节点": 0.0
}