{
 "分水器/冷站冷冻供水管->  阀": 1.0,
 "分水器/冷站冷冻供水管->虚拟节点": 0.0,
 "冷机->分水器/冷站冷冻供水管": 0.85,
 "泵->冷机": 0.6846153846153846,
 "集水器/冷战冷冻回水管->泵": 0.85,
 "集水器/冷战冷冻回水管->  阀": 0.95,
 "  阀->分水器/冷站冷冻供水管": 1.0,
 "  阀->集水器/冷战冷冻回水管": 0.95,
 "  阀->空调末端": 0.9714285714285714,
 "空调末端->虚拟节点": 0.9571428571428572,
 "  阀->虚拟节点": 0.88515625,
 "定压水箱->  阀": 0.95,
 "虚拟节点->  阀": 0.8583333333333333,
 "虚拟节点->虚拟节点": 1.0,
 "虚拟节点->集水器/冷战冷冻回水管": 0.15,
 "新风口->空调机组": 0.94,
 "空调机组->送风口": 0.9823529411764705,
 "空调机组->排风口": 1.0,
 "回风口->  阀": 0.8666666666666667,
 "  阀->空调机组": 0.925,
 "回风口->空调机组": 1.0,
 "风机盘管->送风口": 0.9892857142857143,
 "回风口->风机盘管": 0.9227272727272727,
 "新风口->新风机组": 0.9625,
 "新风机组->风机盘管": 0.9583333333333334,
 "集水器/冷战冷冻回水管->虚拟节点": 0.56,
 "冷机->虚拟节点": 0.9318181818181818,
 "虚拟节点->分水器/冷站冷冻供水管": 0.944,
 "虚拟节点->泵": 0.8779661016949153,
 "冷机->泵": 0.0,
 "泵->虚拟节点": 0.9235294117647059,
 "虚拟节点->冷机": 0.8615384615384616,
 "  阀->冷机": 0.9424242424242424,
 "冷机->  阀": 0.96,
 "泵->  阀": 0.9681818181818181,
 "板式换热器->虚拟节点": 0.875,
 "虚拟节点->板式换热器": 0.975,
 "泵->板式换热器": 0.8,
 "板式换热器->泵": 0.85,
 "板式换热器->板式换热器": 1.0,
 "虚拟节点->冷却塔": 0.8,
 "自来水->泵": 0.9,
 "冷却塔->虚拟节点": 0.9
}