{
 "分水器/冷站冷冻供水管->冷机": 0.6566570665338285,
 "分水器/冷站冷冻供水管->  阀": 0.9153203661070174,
 "虚拟节点->分水器/冷站冷冻供水管": 0.7030778598805957,
 "泵->冷机": 0.6622608231612885,
 "集水器/冷战冷冻回水管->泵": 0.6875005775727262,
 "  阀->集水器/冷战冷冻回水管": 0.8302981746218734,
 "虚拟节点->集水器/冷战冷冻回水管": 0.6176539206419062,
 "空调末端->  阀": 0.9680930592779455,
 "虚拟节点->  阀": 0.6591585119465337,
 "空调末端->虚拟节点": 0.9077806185779606,
 "  阀->定压水箱": 0.9385660606177546,
 "  阀->虚拟节点": 0.8165981331401689,
 "虚拟节点->虚拟节点": 0.849399693194042,
 "冷机->泵": 0.7462267517769737,
 "泵->集水器/冷战冷冻回水管": 0.6879663383724707,
 "冷机->分水器/冷站冷冻供水管": 0.6318010279023127,
 "虚拟节点->空调末端": 0.44506749714318067,
 "  阀->空调末端": 0.7660494349904092,
 "集水器/冷战冷冻回水管->虚拟节点": 0.6035860243314072,
 "定压水箱->  阀": 0.7037298600105026,
 "新风口->空调机组": 0.9220065448994592,
 "空调机组->送风口": 0.7169294933921834,
 "空调机组->排风口": 0.8045254955543223,
 "送风口->空调机组": 0.8552908068566557,
 "  阀->空调机组": 0.7622186629648253,
 "回风口->  阀": 0.8665153086312404,
 "回风口->空调机组": 0.932650601173653,
 "风机盘管->送风口": 0.9396453944538207,
 "回风口->风机盘管": 0.9333756154607504,
 "新风口->新风机组": 0.916362826324287,
 "新风机组->风机盘管": 0.8404880153797886,
 "虚拟节点->冷机": 0.5572048672818,
 "虚拟节点->泵": 0.7495963953509087,
 "冷机->虚拟节点": 0.8057835550140124,
 "泵->虚拟节点": 0.8288520859967843,
 "  阀->冷机": 0.6773148217017056,
 "冷机->  阀": 0.6793087020558465,
 "  阀->泵": 0.8085534830318876,
 "泵->  阀": 0.6443453299978736,
 "板式换热器->虚拟节点": 0.7824154271954823,
 "虚拟节点->板式换热器": 0.7701603582139402,
 "泵->板式换热器": 0.7803991200450786,
 "板式换热器->板式换热器": 0.8931043570975893,
 "板式换热器->泵": 0.6410840739529076,
 "冷却塔->虚拟节点": 0.83527720145525,
 "虚拟节点->冷却塔": 0.7216940991009843,
 "自来水->泵": 0.8059592194352462
}