{
 "分水器/冷站冷冻供水管-冷机": 0.08187214178376438,
 "分水器/冷站冷冻供水管-  阀": 0.035965258799060325,
 "分水器/冷站冷冻供水管-虚拟节点": 0.20595463999732647,
 "冷机-分水器/冷站冷冻供水管": 0.08187214178376438,
 "冷机-泵": 0.06306822424294053,
 "泵-冷机": 0.06306822424294053,
 "泵-集水器/冷战冷冻回水管": 0.05209849210132709,
 "集水器/冷战冷冻回水管-泵": 0.05209849210132709,
 "集水器/冷战冷冻回水管-  阀": 0.037046076617456694,
 "集水器/冷战冷冻回水管-虚拟节点": 0.38173408430028927,
 "  阀-分水器/冷站冷冻供水管": 0.035965258799060325,
 "  阀-集水器/冷战冷冻回水管": 0.037046076617456694,
 "  阀-空调末端": 0.05473638659360621,
 "  阀-虚拟节点": 0.048951017983529035,
 "空调末端-  阀": 0.05473638659360621,
 "空调末端-虚拟节点": 0.08392638863746223,
 "  阀-定压水箱": 0.05848170684074361,
 "定压水箱-  阀": 0.05848170684074361,
 "虚拟节点-  阀": 0.048951017983529035,
 "虚拟节点-虚拟节点": 0.009706775251053169,
 "虚拟节点-分水器/冷站冷冻供水管": 0.20595463999732647,
 "虚拟节点-集水器/冷战冷冻回水管": 0.38173408430028927,
 "虚拟节点-空调末端": 0.08392638863746223,
 "新风口-空调机组": 0.09619190138288541,
 "空调机组-新风口": 0.09619190138288541,
 "空调机组-送风口": 0.004333429714515594,
 "空调机组-排风口": 0.0297609282833233,
 "送风口-空调机组": 0.004333429714515594,
 "排风口-空调机组": 0.0297609282833233,
 "空调机组-  阀": 0.17246905782125876,
 "回风口-  阀": 0.049917939469671206,
 "  阀-空调机组": 0.17246905782125876,
 "  阀-回风口": 0.049917939469671206,
 "空调机组-回风口": 0.22601376632069906,
 "回风口-空调机组": 0.22601376632069906,
 "送风口-风机盘管": 0.014855076039315287,
 "风机盘管-送风口": 0.014855076039315287,
 "风机盘管-回风口": 0.3335756760846316,
 "回风口-风机盘管": 0.3335756760846316,
 "新风口-新风机组": 0.18120617039244005,
 "新风机组-新风口": 0.18120617039244005,
 "新风机组-风机盘管": 0.23235622049682553,
 "风机盘管-新风机组": 0.23235622049682553,
 "冷机-虚拟节点": 0.07018688616699627,
 "泵-虚拟节点": 0.04886587609572071,
 "虚拟节点-冷机": 0.07018688616699627,
 "虚拟节点-泵": 0.04886587609572071,
 "冷机-  阀": 0.05940242102094902,
 "  阀-冷机": 0.05940242102094902,
 "泵-  阀": 0.056167661423620015,
 "  阀-泵": 0.056167661423620015,
 "板式换热器-虚拟节点": 0.029692572113380753,
 "虚拟节点-板式换热器": 0.029692572113380753,
 "泵-板式换热器": 0.031711711139542686,
 "板式换热器-泵": 0.031711711139542686,
 "板式换热器-板式换热器": 0.021801928419072338,
 "虚拟节点-冷却塔": 0.049482862168732496,
 "泵-自来水": 0.28805549551098414,
 "自来水-泵": 0.28805549551098414,
 "冷却塔-虚拟节点": 0.049482862168732496
}