{
 "分水器/冷站冷冻供水管-冷机": 0.03228764134844715,
 "分水器/冷站冷冻供水管-  阀": 0.009570227568101265,
 "分水器/冷站冷冻供水管-冷却塔": 0.01916476361975226,
 "冷机-分水器/冷站冷冻供水管": 0.03228764134844715,
 "冷机-泵": 0.0779684075186026,
 "泵-冷机": 0.0779684075186026,
 "泵-集水器/冷战冷冻回水管": 0.019631080491517027,
 "集水器/冷战冷冻回水管-泵": 0.019631080491517027,
 "集水器/冷战冷冻回水管-  阀": 0.019538496056728187,
 "集水器/冷战冷冻回水管-冷却塔": 0.1301175325086941,
 "  阀-分水器/冷站冷冻供水管": 0.009570227568101265,
 "  阀-集水器/冷战冷冻回水管": 0.019538496056728187,
 "  阀-空调末端": 0.02923056560662208,
 "  阀-冷却塔": 0.03622477676676914,
 "空调末端-  阀": 0.02923056560662208,
 "空调末端-冷却塔": 0.04878645247838422,
 "  阀-定压水箱": 0.2044294197064896,
 "定压水箱-  阀": 0.2044294197064896,
 "冷却塔-  阀": 0.03622477676676914,
 "冷却塔-冷却塔": 0.023184020413251773,
 "冷却塔-分水器/冷站冷冻供水管": 0.01916476361975226,
 "冷却塔-集水器/冷战冷冻回水管": 0.1301175325086941,
 "冷却塔-空调末端": 0.04878645247838422,
 "新风口-空调机组": 0.3157168902976359,
 "空调机组-新风口": 0.3157168902976359,
 "空调机组-送风口": 0.06595842874406138,
 "空调机组-排风口": 0.02526175408766895,
 "送风口-空调机组": 0.06595842874406138,
 "排风口-空调机组": 0.02526175408766895,
 "空调机组-  阀": 0.03995151574571683,
 "回风口-  阀": 0.12542791186950805,
 "  阀-空调机组": 0.03995151574571683,
 "  阀-回风口": 0.12542791186950805,
 "空调机组-回风口": 0.3146307130662219,
 "回风口-空调机组": 0.3146307130662219,
 "送风口-风机盘管": 0.018961866990536737,
 "风机盘管-送风口": 0.018961866990536737,
 "风机盘管-回风口": 0.2514162543882206,
 "回风口-风机盘管": 0.2514162543882206,
 "新风口-新风机组": 0.19745943500928942,
 "新风机组-新风口": 0.19745943500928942,
 "新风机组-风机盘管": 0.038603403843434525,
 "风机盘管-新风机组": 0.038603403843434525,
 "分水器/冷站冷冻供水管-虚拟节点": 0.04481126325607402,
 "集水器/冷战冷冻回水管-虚拟节点": 0.4334379044148814,
 "冷机-虚拟节点": 0.11925326816517468,
 "泵-虚拟节点": 0.0891959935666759,
 "  阀-虚拟节点": 0.06575222500307272,
 "虚拟节点-分水器/冷站冷冻供水管": 0.04481126325607402,
 "虚拟节点-冷机": 0.11925326816517468,
 "虚拟节点-  阀": 0.06575222500307272,
 "虚拟节点-集水器/冷战冷冻回水管": 0.4334379044148814,
 "虚拟节点-泵": 0.08919599356667592,
 "冷机-  阀": 0.06218200355935383,
 "  阀-冷机": 0.06218200355935383,
 "泵-  阀": 0.07620335022876742,
 "  阀-泵": 0.07620335022876742,
 "板式换热器-虚拟节点": 0.06885953375230741,
 "虚拟节点-板式换热器": 0.06885953375230741,
 "泵-板式换热器": 0.018990345004838084,
 "板式换热器-泵": 0.018990345004838084,
 "板式换热器-板式换热器": 0.02254978406873026,
 "虚拟节点-冷却塔": 0.059901097266803954,
 "泵-自来水": 0.09368778347031748,
 "自来水-泵": 0.09368778347031748,
 "冷却塔-虚拟节点": 0.059901097266803954
}