{
 "分水器/冷站冷冻供水管->冷机": 0.814687248301125,
 "分水器/冷站冷冻供水管->  阀": 0.9552835068039467,
 "分水器/冷站冷冻供水管->冷却塔": 0.8164287929256482,
 "冷机->分水器/冷站冷冻供水管": 0.8326557110135558,
 "冷机->泵": 0.7079545533691279,
 "泵->冷机": 0.6754723352742401,
 "泵->集水器/冷战冷冻回水管": 0.8451561930766166,
 "集水器/冷战冷冻回水管->泵": 0.8305878388094079,
 "集水器/冷战冷冻回水管->  阀": 0.9440439523373885,
 "集水器/冷战冷冻回水管->冷却塔": 0.6471002710901337,
 "  阀->分水器/冷站冷冻供水管": 0.9623492560848904,
 "  阀->集水器/冷战冷冻回水管": 0.9635824483941168,
 "  阀->空调末端": 0.9158962117017341,
 "  阀->冷却塔": 0.9505273132685207,
 "空调末端->  阀": 0.9143043587506726,
 "空调末端->冷却塔": 0.9737440741120462,
 "  阀->定压水箱": 0.6946613398882555,
 "定压水箱->  阀": 0.8990907595947449,
 "冷却塔->  阀": 0.926071210915441,
 "冷却塔->冷却塔": 0.922027155501824,
 "冷却塔->分水器/冷站冷冻供水管": 0.8208844135392575,
 "冷却塔->集水器/冷战冷冻回水管": 0.7412601537773487,
 "冷却塔->空调末端": 0.9249576216336621,
 "新风口->空调机组": 0.8786816322216375,
 "空调机组->新风口": 0.5629647419240018,
 "空调机组->送风口": 0.7001363142463818,
 "空调机组->排风口": 0.7998930281156009,
 "送风口->空调机组": 0.7660947429904432,
 "排风口->空调机组": 0.7829643173807329,
 "空调机组->  阀": 0.7343367568174082,
 "回风口->  阀": 0.8312834031579783,
 "  阀->空调机组": 0.7500472983714923,
 "  阀->回风口": 0.7059558589577629,
 "空调机组->回风口": 0.5862549789680618,
 "回风口->空调机组": 0.9008856920342835,
 "送风口->风机盘管": 0.7573422469872737,
 "风机盘管->送风口": 0.763561048910865,
 "风机盘管->回风口": 0.5961257161397304,
 "回风口->风机盘管": 0.8475419705279511,
 "新风口->新风机组": 0.8018831550814202,
 "新风机组->新风口": 0.6044770780657598,
 "新风机组->风机盘管": 0.7657575096580587,
 "风机盘管->新风机组": 0.7337129043634124,
 "分水器/冷站冷冻供水管->虚拟节点": 0.6822487355129934,
 "集水器/冷战冷冻回水管->虚拟节点": 0.7430902127093957,
 "冷机->虚拟节点": 0.8062350934903689,
 "泵->虚拟节点": 0.7673903079407837,
 "  阀->虚拟节点": 0.7739836474442185,
 "虚拟节点->分水器/冷站冷冻供水管": 0.649131811366413,
 "虚拟节点->冷机": 0.7066565993157494,
 "虚拟节点->  阀": 0.7457405336039007,
 "虚拟节点->集水器/冷战冷冻回水管": 0.3097668975875695,
 "虚拟节点->泵": 0.7130670700784583,
 "冷机->  阀": 0.6219047133316435,
 "  阀->冷机": 0.6495410016159336,
 "泵->  阀": 0.7962254227089279,
 "  阀->泵": 0.8601484058239169,
 "板式换热器->虚拟节点": 0.7862594628664763,
 "虚拟节点->板式换热器": 0.7254304531263154,
 "泵->板式换热器": 0.8746253339942403,
 "板式换热器->泵": 0.8556349889894023,
 "板式换热器->板式换热器": 0.8962001955960238,
 "虚拟节点->冷却塔": 0.7715772705487892,
 "泵->自来水": 0.8369244212259834,
 "自来水->泵": 0.9306122046963011,
 "冷却塔->虚拟节点": 0.8212539136755075
}