{
 "分水器/冷站冷冻供水管->  阀": 1.0,
 "分水器/冷站冷冻供水管->冷却塔": 0.9,
 "冷机->分水器/冷站冷冻供水管": 0.9,
 "泵->冷机": 0.67,
 "集水器/冷战冷冻回水管->泵": 0.9,
 "集水器/冷战冷冻回水管->  阀": 0.95,
 "  阀->分水器/冷站冷冻供水管": 1.0,
 "  阀->集水器/冷战冷冻回水管": 1.0,
 "  阀->空调末端": 0.9714285714285714,
 "空调末端->冷却塔": 1.0,
 "  阀->冷却塔": 1.0,
 "定压水箱->  阀": 0.95,
 "冷却塔->  阀": 0.9428571428571428,
 "冷却塔->冷却塔": 0.9,
 "冷却塔->集水器/冷战冷冻回水管": 0.85,
 "新风口->空调机组": 0.95,
 "空调机组->送风口": 0.7176470588235294,
 "空调机组->排风口": 0.96,
 "回风口->  阀": 0.85,
 "  阀->空调机组": 0.925,
 "回风口->空调机组": 0.9833333333333333,
 "风机盘管->送风口": 0.975,
 "回风口->风机盘管": 0.9272727272727272,
 "新风口->新风机组": 0.925,
 "新风机组->风机盘管": 0.95,
 "集水器/冷战冷冻回水管->虚拟节点": 0.92,
 "冷机->虚拟节点": 0.909375,
 "  阀->虚拟节点": 0.9552941176470588,
 "虚拟节点->分水器/冷站冷冻供水管": 0.93,
 "虚拟节点->  阀": 0.8886363636363637,
 "虚拟节点->泵": 0.9355555555555556,
 "冷机->泵": 0.06666666666666667,
 "泵->虚拟节点": 0.921875,
 "虚拟节点->冷机": 0.9538461538461539,
 "  阀->冷机": 0.95,
 "冷机->  阀": 0.97,
 "泵->  阀": 0.9454545454545454,
 "板式换热器->虚拟节点": 0.6142857142857143,
 "虚拟节点->板式换热器": 0.875,
 "泵->板式换热器": 1.0,
 "板式换热器->泵": 1.0,
 "板式换热器->板式换热器": 1.0,
 "虚拟节点->冷却塔": 0.9333333333333333,
 "自来水->泵": 0.95,
 "冷却塔->虚拟节点": 0.7333333333333333
}