{
 "冷机->分水器/冷站冷冻供水管": 0.9168753882899979,
 "  阀->分水器/冷站冷冻供水管": 0.9635853783949887,
 "冷却塔->分水器/冷站冷冻供水管": 0.8511139751482865,
 "冷机->泵": 0.7644409885824957,
 "泵->集水器/冷战冷冻回水管": 0.9234717019292664,
 "  阀->集水器/冷战冷冻回水管": 0.9635824483941168,
 "冷却塔->集水器/冷战冷冻回水管": 0.7437946162744413,
 "空调末端->  阀": 0.9328906560247269,
 "  阀->冷却塔": 0.9668915691009793,
 "空调末端->冷却塔": 0.9737440741120462,
 "定压水箱->  阀": 0.8990907595947449,
 "冷却塔->  阀": 0.91449197597291,
 "冷却塔->冷却塔": 0.9336191657084498,
 "分水器/冷站冷冻供水管->冷却塔": 0.8095230840465455,
 "分水器/冷站冷冻供水管->  阀": 0.9639077150646009,
 "分水器/冷站冷冻供水管->冷机": 0.14627450870566186,
 "泵->冷机": 0.6391085810054573,
 "集水器/冷战冷冻回水管->泵": 0.1656302445243096,
 "集水器/冷战冷冻回水管->冷却塔": 0.8467570323654208,
 "  阀->空调末端": 0.908195527173074,
 "新风口->空调机组": 0.8786816322216374,
 "送风口->空调机组": 0.7660947429904432,
 "空调机组->排风口": 0.7395037952874284,
 "排风口->空调机组": 0.8896334569259703,
 "  阀->空调机组": 0.8088746772708462,
 "回风口->  阀": 0.8374705247171781,
 "空调机组->  阀": 0.1861161198903466,
 "  阀->回风口": 0.10103799777077237,
 "回风口->空调机组": 0.9008856920342836,
 "风机盘管->送风口": 0.7770786460811587,
 "回风口->风机盘管": 0.847541970527951,
 "新风口->新风机组": 0.84332687677589,
 "新风机组->风机盘管": 0.77112817879258,
 "新风机组->新风口": 0.01498602282278368,
 "风机盘管->新风机组": 0.7293027815900345,
 "送风口->风机盘管": 0.4912360606083163,
 "分水器/冷站冷冻供水管->虚拟节点": 0.6926241244737825,
 "集水器/冷战冷冻回水管->虚拟节点": 0.7820152307050925,
 "冷机->虚拟节点": 0.8322145200193513,
 "泵->虚拟节点": 0.8050317786295131,
 "  阀->虚拟节点": 0.800139462191899,
 "虚拟节点->分水器/冷站冷冻供水管": 0.6322478657265517,
 "虚拟节点->泵": 0.7145787467449389,
 "虚拟节点->  阀": 0.7740870299265121,
 "虚拟节点->冷机": 0.6052170890766272,
 "  阀->冷机": 0.6716156903103686,
 "冷机->  阀": 0.6546092053171705,
 "虚拟节点->集水器/冷战冷冻回水管": 0.0046607637217093816,
 "  阀->泵": 0.8658061538076538,
 "泵->  阀": 0.8790731320693479,
 "板式换热器->虚拟节点": 0.7913580725937306,
 "虚拟节点->板式换热器": 0.783232964684872,
 "泵->板式换热器": 0.8746253339942405,
 "板式换热器->板式换热器": 0.907475087630389,
 "冷却塔->虚拟节点": 0.8418018527706079,
 "自来水->泵": 0.930612204696301,
 "虚拟节点->冷却塔": 0.37873049201887043
}