{
 "0@1": 0.8835513549976485,
 "0@3": 0.823842977299647,
 "0@7": 0.7059352661863919,
 "0@8": 0.8947721532420044,
 "1@0": 0.8452126814681571,
 "1@2": 0.9672241256113568,
 "2@1": 0.9186820260012678,
 "2@4": 0.8713520963336385,
 "2@5": 0.9429276019480791,
 "2@7": 0.8799561002342698,
 "2@8": 0.6459601038233829,
 "3@0": 0.9110770961078242,
 "3@4": 0.9602685707936072,
 "4@2": 0.9453492177183718,
 "4@3": 0.8858782328255533,
 "5@2": 0.9602260618544942,
 "5@6": 0.7511620360050424,
 "6@5": 0.9841862036579109,
 "7@0": 0.6939312704770084,
 "7@2": 0.9617268360324859,
 "8@0": 0.783372448202952,
 "8@2": 0.7379697865017073,
 "9@10": 0.8904641002130771,
 "9@12": 0.9410743415903072,
 "9@16": 0.6481054333930161,
 "10@9": 0.8197439730720638,
 "10@11": 0.9672241256113568,
 "11@10": 0.9186820260012678,
 "11@13": 0.8713520963336385,
 "11@14": 0.5437410249181845,
 "11@16": 0.8799561002342698,
 "12@9": 0.9580126527011654,
 "12@13": 0.9203501144416973,
 "13@11": 0.9453492177183718,
 "13@12": 0.8156199299022701,
 "14@11": 0.6566757590796768,
 "14@15": 0.4602637721735034,
 "15@14": 0.9437430739316297,
 "16@9": 0.5748452420921513,
 "16@11": 0.9617268360324859,
 "17@18": 0.9218686946036447,
 "17@20": 0.4458469535979634,
 "17@24": 0.8652387358307833,
 "17@25": 0.8112148268416317,
 "18@17": 0.8725979406566318,
 "18@19": 0.9672241256113568,
 "19@18": 0.9186820260012678,
 "19@21": 0.8644935356346248,
 "19@22": 0.5437410249181845,
 "19@24": 0.6459601038233829,
 "19@25": 0.8799561002342698,
 "20@17": 0.24228020263726166,
 "20@21": 0.9352418234801689,
 "21@19": 0.8758961267320867,
 "21@20": 0.8993346276632251,
 "22@19": 0.6566757590796768,
 "22@23": 0.022549302554115233,
 "23@22": 0.6802588597342921,
 "24@17": 0.6877381472468602,
 "24@19": 0.7379697865017073,
 "25@17": 0.7659963380447763,
 "25@19": 0.9617268360324859,
 "26@27": 0.97369390905708,
 "26@29": 0.8755961637871265,
 "26@33": 0.8660911161044639,
 "27@26": 0.9388976751150707,
 "27@28": 0.9672241256113568,
 "28@27": 0.9186820260012678,
 "28@30": 0.8713520963336385,
 "28@31": 0.9429276019480791,
 "28@33": 0.8799561002342698,
 "29@26": 0.8989351464228921,
 "29@30": 0.9602685707936072,
 "30@28": 0.9453492177183718,
 "30@29": 0.8858782328255533,
 "31@28": 0.9602260618544942,
 "31@32": 0.2436171675526532,
 "32@31": 0.9702599777772462,
 "33@26": 0.7789388260187732,
 "33@28": 0.9617268360324859,
 "34@35": 0.8302661070925531,
 "34@37": 0.7078600994209313,
 "34@41": 0.9381946532271511,
 "34@42": 0.9381946532271511,
 "35@34": 0.810960306385797,
 "35@36": 0.7842386063239147,
 "36@35": 0.6806087500750381,
 "36@38": 0.8949134538839879,
 "36@39": 0.9034148943083565,
 "36@41": 0.5556088635170633,
 "36@42": 0.5556088635170633,
 "37@34": 0.8697853812285502,
 "37@38": 0.48417292788150385,
 "38@36": 0.8992437754513999,
 "38@37": 0.15502868354599916,
 "39@36": 0.8992437754513999,
 "39@40": 0.7511620360050424,
 "40@39": 0.9841862036579109,
 "41@34": 0.8872211712871335,
 "41@36": 0.5575634488474998,
 "42@34": 0.8872211712871335,
 "42@36": 0.5575634488474998,
 "43@44": 0.8904641002130771,
 "43@46": 0.9410743415903072,
 "43@50": 0.6481054333930161,
 "44@43": 0.8197439730720638,
 "44@45": 0.9672241256113568,
 "45@44": 0.9186820260012678,
 "45@47": 0.8713520963336385,
 "45@48": 0.9429276019480791,
 "45@50": 0.8799561002342698,
 "46@43": 0.9580126527011654,
 "46@47": 0.9203501144416973,
 "47@45": 0.9453492177183718,
 "47@46": 0.8156199299022701,
 "48@45": 0.9602260618544942,
 "48@49": 0.7511620360050424,
 "49@48": 0.9841862036579109,
 "50@43": 0.5748452420921513,
 "50@45": 0.9617268360324859,
 "51@52": 0.9218686946036447,
 "51@54": 0.8455285933845471,
 "51@58": 0.8652387358307833,
 "51@59": 0.8112148268416317,
 "52@51": 0.8725979406566318,
 "52@53": 0.9672241256113568,
 "53@52": 0.9186820260012678,
 "53@55": 0.8713520963336385,
 "53@56": 0.9429276019480791,
 "53@58": 0.6459601038233829,
 "53@59": 0.8799561002342698,
 "54@51": 0.9089903628313053,
 "54@55": 0.9499172063694548,
 "55@53": 0.9453492177183718,
 "55@54": 0.8550604796033053,
 "56@53": 0.9602260618544942,
 "56@57": 0.2436171675526532,
 "57@56": 0.9702599777772462,
 "58@51": 0.6877381472468602,
 "58@53": 0.7379697865017073,
 "59@51": 0.7659963380447763,
 "59@53": 0.9617268360324859,
 "60@61": 0.97369390905708,
 "60@63": 0.8755961637871265,
 "60@67": 0.8660911161044639,
 "61@60": 0.9388976751150707,
 "61@62": 0.7842386063239147,
 "62@61": 0.6806087500750381,
 "62@64": 0.8949134538839879,
 "62@65": 0.9034148943083565,
 "62@67": 0.7620467578681924,
 "63@60": 0.8989351464228921,
 "63@64": 0.4680654419609907,
 "64@62": 0.8992437754513999,
 "64@63": 0.1508191517067315,
 "65@62": 0.8992437754513999,
 "65@66": 0.7511620360050424,
 "66@65": 0.9841862036579109,
 "67@60": 0.7789388260187732,
 "67@62": 0.8775794829161001,
 "68@69": 0.9594995817157876,
 "68@71": 0.49353757271676496,
 "68@75": 0.9231622157370287,
 "68@76": 0.9231622157370287,
 "69@68": 0.9010175238669857,
 "69@70": 0.9672241256113568,
 "70@69": 0.9186820260012678,
 "70@72": 0.8644935356346248,
 "70@73": 0.9429276019480791,
 "70@75": 0.8799561002342698,
 "70@76": 0.8799561002342698,
 "71@68": 0.20403926191239471,
 "71@72": 0.9352418234801689,
 "72@70": 0.8758961267320867,
 "72@71": 0.8993346276632251,
 "73@70": 0.9602260618544942,
 "73@74": 0.7511620360050424,
 "74@73": 0.9841862036579109,
 "75@68": 0.8583184431599178,
 "75@70": 0.9617268360324859,
 "76@68": 0.8583184431599178,
 "76@70": 0.9617268360324859,
 "77@78": 0.8725634265432785,
 "77@80": 0.823842977299647,
 "77@84": 0.8947721532420044,
 "78@77": 0.7808666095648583,
 "78@79": 0.9335117279020535,
 "79@78": 0.8502956221840046,
 "79@81": 0.4170348984111229,
 "79@82": 0.4170348984111229,
 "79@84": 0.7722487195220042,
 "80@77": 0.9110770961078242,
 "80@81": 0.4680654419609907,
 "81@79": 0.6003964059079484,
 "81@80": 0.1508191517067315,
 "82@79": 0.6003964059079484,
 "82@83": 0.4602637721735034,
 "83@82": 0.9437430739316297,
 "84@77": 0.783372448202952,
 "84@79": 0.8725993163897943,
 "85@86": 0.97369390905708,
 "85@88": 0.8755961637871265,
 "85@92": 0.8660911161044639,
 "85@93": 0.8660911161044639,
 "86@85": 0.9388976751150707,
 "86@87": 0.7842386063239147,
 "87@86": 0.6806087500750381,
 "87@89": 0.8949134538839879,
 "87@90": 0.8949134538839879,
 "87@92": 0.7620467578681924,
 "87@93": 0.7620467578681924,
 "88@85": 0.8989351464228921,
 "88@89": 0.4680654419609907,
 "89@87": 0.8992437754513999,
 "89@88": 0.1508191517067315,
 "90@87": 0.8992437754513999,
 "90@91": 0.4602637721735034,
 "91@90": 0.9437430739316297,
 "92@85": 0.7789388260187732,
 "92@87": 0.8775794829161001,
 "93@85": 0.7789388260187732,
 "93@87": 0.8775794829161001,
 "94@95": 0.9117512959672287,
 "94@97": 0.7671508375148954,
 "94@101": 0.8639638703134067,
 "95@94": 0.7712872664701522,
 "95@96": 0.8847786684480465,
 "96@95": 0.8493443363919132,
 "96@98": 0.8713520963336385,
 "96@99": 0.9429276019480791,
 "96@101": 0.8799561002342698,
 "97@94": 0.8625988017067581,
 "97@98": 0.9602685707936072,
 "98@96": 0.9453492177183718,
 "98@97": 0.8858782328255533,
 "99@96": 0.9602260618544942,
 "99@100": 0.7511620360050424,
 "100@99": 0.9841862036579109,
 "101@94": 0.8391542208324985,
 "101@96": 0.9617268360324859,
 "102@103": 0.8261070656857561,
 "102@105": 0.8419680831841667,
 "102@109": 0.8997612883099425,
 "102@110": 0.887305546738712,
 "103@102": 0.6975654765928321,
 "103@104": 0.9335117279020535,
 "104@103": 0.8502956221840046,
 "104@106": 0.3748098764989587,
 "104@107": 0.8494068100894238,
 "104@109": 0.7722487195220042,
 "104@110": 0.7588888633576916,
 "105@102": 0.9020423492458359,
 "105@106": 0.8915734176551305,
 "106@104": 0.6670691711095665,
 "106@105": 0.7574537100481172,
 "107@104": 0.8863598557003132,
 "107@108": 0.20004044309440402,
 "108@107": 0.8769868915639849,
 "109@102": 0.7807602875994523,
 "109@104": 0.8725993163897943,
 "110@102": 0.8337940299504321,
 "110@104": 0.910797067556248,
 "111@112": 0.97369390905708,
 "111@114": 0.8755961637871265,
 "111@118": 0.8660911161044639,
 "112@111": 0.9388976751150707,