{
 "虚拟节点-  阀": 0.0680025308399764,
 "虚拟节点-冷机": 0.08237883338342511,
 "虚拟节点-冷却塔": 0.08508003158160365,
 "  阀-虚拟节点": 0.0680025308399764,
 "虚拟节点-泵": 0.0602263490414231,
 "冷机-虚拟节点": 0.08237883338342511,
 "冷机-泵": 0.15063031518702397,
 "泵-虚拟节点": 0.0602263490414231,
 "泵-冷机": 0.15063031518702397,
 "泵-自来水": 0.40966446842992194,
 "自来水-泵": 0.40966446842992194,
 "冷却塔-虚拟节点": 0.08508003158160365
}