{
 "虚拟节点->  阀": 0.9010222071573408,
 "冷机->虚拟节点": 0.9055737571763882,
 "虚拟节点->冷却塔": 0.8484816423764576,
 "  阀->虚拟节点": 0.9190386146803252,
 "泵->虚拟节点": 0.8666023529794831,
 "冷却塔->虚拟节点": 0.8862402824459296,
 "冷机->泵": 0.799718901324915,
 "自来水->泵": 0.936930098641216,
 "虚拟节点->冷机": 0.47764069967716444,
 "虚拟节点->泵": 0.9034148943083565
}