{
 "分水器/冷站冷冻供水管->  阀": 1.0,
 "分水器/冷站冷冻供水管->虚拟节点": 0.0,
 "冷机->分水器/冷站冷冻供水管": 0.45,
 "泵->冷机": 0.13076923076923078,
 "集水器/冷战冷冻回水管->泵": 0.0,
 "集水器/冷战冷冻回水管->  阀": 0.15,
 "  阀->分水器/冷站冷冻供水管": 0.0,
 "  阀->集水器/冷战冷冻回水管": 0.85,
 "  阀->空调末端": 0.02857142857142857,
 "空调末端->虚拟节点": 0.9714285714285714,
 "  阀->虚拟节点": 0.84296875,
 "定压水箱->  阀": 1.0,
 "虚拟节点->  阀": 0.2674242424242424,
 "虚拟节点->虚拟节点": 0.35,
 "虚拟节点->集水器/冷战冷冻回水管": 1.0,
 "新风口->空调机组": 1.0,
 "空调机组->送风口": 0.9705882352941176,
 "空调机组->排风口": 0.0,
 "回风口->  阀": 1.0,
 "  阀->空调机组": 0.925,
 "回风口->空调机组": 1.0,
 "风机盘管->送风口": 1.0,
 "回风口->风机盘管": 1.0,
 "新风口->新风机组": 1.0,
 "新风机组->风机盘管": 0.9916666666666667,
 "集水器/冷战冷冻回水管->虚拟节点": 0.992,
 "冷机->虚拟节点": 0.9431818181818182,
 "虚拟节点->分水器/冷站冷冻供水管": 0.956,
 "虚拟节点->泵": 0.26949152542372884,
 "冷机->泵": 0.13333333333333333,
 "泵->虚拟节点": 0.9264705882352942,
 "虚拟节点->冷机": 0.2,
 "  阀->冷机": 0.9212121212121213,
 "冷机->  阀": 0.7,
 "泵->  阀": 0.022727272727272728,
 "板式换热器->虚拟节点": 0.825,
 "虚拟节点->板式换热器": 0.3125,
 "泵->板式换热器": 0.3,
 "板式换热器->泵": 0.875,
 "板式换热器->板式换热器": 0.5,
 "虚拟节点->冷却塔": 0.03333333333333333,
 "自来水->泵": 1.0,
 "冷却塔->虚拟节点": 0.8666666666666667
}