{
 "分水器/冷站冷冻供水管->冷机": 0.8015970166679682,
 "分水器/冷站冷冻供水管->  阀": 0.9164648728887755,
 "虚拟节点->分水器/冷站冷冻供水管": 0.6846381121166156,
 "泵->冷机": 0.5997060124923957,
 "泵->集水器/冷战冷冻回水管": 0.8718008788080137,
 "  阀->集水器/冷战冷冻回水管": 0.8597968270520809,
 "虚拟节点->集水器/冷战冷冻回水管": 0.722320854606567,
 "空调末端->  阀": 0.9406209743007292,
 "虚拟节点->  阀": 0.7086354427817216,
 "空调末端->虚拟节点": 0.977115458512767,
 "定压水箱->  阀": 0.8249932449935272,
 "  阀->虚拟节点": 0.8259032838850598,
 "虚拟节点->虚拟节点": 0.7798871614198467,
 "冷机->分水器/冷站冷冻供水管": 0.8484537979107757,
 "冷机->泵": 0.727907603590895,
 "集水器/冷战冷冻回水管->  阀": 0.7380103525525782,
 "  阀->空调末端": 0.8014619444101827,
 "虚拟节点->空调末端": 0.4299380629450787,
 "新风口->空调机组": 0.9167136921734967,
 "空调机组->送风口": 0.7974267181889398,
 "排风口->空调机组": 0.9673773314922046,
 "  阀->空调机组": 0.8235122170935182,
 "回风口->  阀": 0.8925846825129143,
 "空调机组->  阀": 0.1314068398778245,
 "送风口->空调机组": 0.7133969046083013,
 "回风口->空调机组": 0.9488545123983727,
 "风机盘管->送风口": 0.9293542502740156,
 "回风口->风机盘管": 0.9425164247479916,
 "新风口->新风机组": 0.8854833036593256,
 "新风机组->风机盘管": 0.8591741311668725,
 "风机盘管->新风机组": 0.7226483578498939,
 "集水器/冷战冷冻回水管->虚拟节点": 0.6224670371858283,
 "虚拟节点->冷机": 0.5167701130563148,
 "虚拟节点->泵": 0.6969443213568168,
 "冷机->虚拟节点": 0.8374672179267981,
 "泵->虚拟节点": 0.8426465972328442,
 "分水器/冷站冷冻供水管->虚拟节点": 0.8069232262532179,
 "  阀->冷机": 0.6792935110838022,
 "冷机->  阀": 0.6874207716328388,
 "  阀->泵": 0.8197117832902325,
 "泵->  阀": 0.7215131633347306,
 "板式换热器->虚拟节点": 0.8053594830441102,
 "虚拟节点->板式换热器": 0.7755556575191002,
 "泵->板式换热器": 0.45934110566769776,
 "板式换热器->板式换热器": 0.851141902316202,
 "板式换热器->泵": 0.5279629387246404,
 "冷却塔->虚拟节点": 0.8539853420072026,
 "自来水->泵": 0.8848351863700256,
 "虚拟节点->冷却塔": 0.6274117905899252
}