{
 "分水器/冷站冷冻供水管-冷机": 0.05697680739623408,
 "分水器/冷站冷冻供水管-  阀": 0.08271161131204721,
 "分水器/冷站冷冻供水管-虚拟节点": 0.10160369885695365,
 "冷机-分水器/冷站冷冻供水管": 0.05697680739623408,
 "冷机-泵": 0.04761743938289455,
 "泵-冷机": 0.04761743938289455,
 "泵-集水器/冷战冷冻回水管": 0.07550585277283542,
 "集水器/冷战冷冻回水管-泵": 0.07550585277283542,
 "集水器/冷战冷冻回水管-  阀": 0.028124197182350662,
 "集水器/冷战冷冻回水管-虚拟节点": 0.43600272819015085,
 "  阀-分水器/冷站冷冻供水管": 0.08271161131204721,
 "  阀-集水器/冷战冷冻回水管": 0.028124197182350662,
 "  阀-空调末端": 0.1730144532739525,
 "  阀-虚拟节点": 0.07564090228328528,
 "空调末端-  阀": 0.1730144532739525,
 "空调末端-虚拟节点": 0.05045285572443458,
 "  阀-定压水箱": 0.007682650523405827,
 "定压水箱-  阀": 0.007682650523405827,
 "虚拟节点-  阀": 0.07564090228328528,
 "虚拟节点-虚拟节点": 0.046274955453907834,
 "虚拟节点-分水器/冷站冷冻供水管": 0.10160369885695365,
 "虚拟节点-集水器/冷战冷冻回水管": 0.43600272819015085,
 "虚拟节点-空调末端": 0.05045285572443458,
 "新风口-空调机组": 0.4248984623704125,
 "空调机组-新风口": 0.4248984623704125,
 "空调机组-送风口": 0.05349786328560654,
 "空调机组-排风口": 0.050617202621532444,
 "送风口-空调机组": 0.05349786328560654,
 "排风口-空调机组": 0.050617202621532444,
 "空调机组-  阀": 0.17976594582487024,
 "回风口-  阀": 0.1720168093577423,
 "  阀-空调机组": 0.17976594582487024,
 "  阀-回风口": 0.1720168093577423,
 "空调机组-回风口": 0.39502530995075785,
 "回风口-空调机组": 0.39502530995075785,
 "送风口-风机盘管": 0.051655274724721006,
 "风机盘管-送风口": 0.051655274724721006,
 "风机盘管-回风口": 0.21598840870144478,
 "回风口-风机盘管": 0.21598840870144478,
 "新风口-新风机组": 0.19801857758737812,
 "新风机组-新风口": 0.19801857758737812,
 "新风机组-风机盘管": 0.2641659382784464,
 "风机盘管-新风机组": 0.2641659382784464,
 "冷机-虚拟节点": 0.10397860103597381,
 "泵-虚拟节点": 0.07811500124034672,
 "虚拟节点-冷机": 0.10397860103597381,
 "虚拟节点-泵": 0.07811500124034672,
 "冷机-  阀": 0.07904842200360798,
 "  阀-冷机": 0.07904842200360798,
 "泵-  阀": 0.05971907472286413,
 "  阀-泵": 0.05971907472286413,
 "板式换热器-虚拟节点": 0.04599456575455792,
 "虚拟节点-板式换热器": 0.04599456575455792,
 "泵-板式换热器": 0.08952633183593621,
 "板式换热器-泵": 0.08952633183593621,
 "板式换热器-板式换热器": 0.03427475928913952,
 "虚拟节点-冷却塔": 0.046155611175765485,
 "泵-自来水": 0.053175252999161184,
 "自来水-泵": 0.053175252999161184,
 "冷却塔-虚拟节点": 0.046155611175765485
}