{
 "分水器/冷站冷冻供水管->  阀": 1.0,
 "分水器/冷站冷冻供水管->虚拟节点": 0.5,
 "冷机->分水器/冷站冷冻供水管": 0.85,
 "泵->冷机": 0.5846153846153846,
 "集水器/冷战冷冻回水管->泵": 0.8,
 "集水器/冷战冷冻回水管->  阀": 0.95,
 "  阀->分水器/冷站冷冻供水管": 0.9,
 "  阀->集水器/冷战冷冻回水管": 0.95,
 "  阀->空调末端": 0.9571428571428572,
 "空调末端->虚拟节点": 0.9714285714285714,
 "  阀->虚拟节点": 0.90859375,
 "定压水箱->  阀": 0.9,
 "虚拟节点->  阀": 0.8643939393939394,
 "虚拟节点->虚拟节点": 0.95,
 "虚拟节点->集水器/冷战冷冻回水管": 1.0,
 "新风口->空调机组": 0.95,
 "空调机组->送风口": 0.9588235294117647,
 "空调机组->排风口": 0.98,
 "回风口->  阀": 0.9,
 "  阀->空调机组": 0.925,
 "回风口->空调机组": 0.9833333333333333,
 "风机盘管->送风口": 1.0,
 "回风口->风机盘管": 0.9454545454545454,
 "新风口->新风机组": 0.9625,
 "新风机组->风机盘管": 0.975,
 "集水器/冷战冷冻回水管->虚拟节点": 0.672,
 "冷机->虚拟节点": 0.9363636363636364,
 "虚拟节点->分水器/冷站冷冻供水管": 0.932,
 "虚拟节点->泵": 0.8728813559322034,
 "冷机->泵": 0.0,
 "泵->虚拟节点": 0.9029411764705882,
 "虚拟节点->冷机": 0.8615384615384616,
 "  阀->冷机": 0.9727272727272728,
 "冷机->  阀": 0.92,
 "泵->  阀": 0.9409090909090909,
 "板式换热器->虚拟节点": 0.9166666666666666,
 "虚拟节点->板式换热器": 0.9375,
 "泵->板式换热器": 0.7,
 "板式换热器->泵": 0.25,
 "板式换热器->板式换热器": 0.975,
 "虚拟节点->冷却塔": 0.9,
 "自来水->泵": 0.9,
 "冷却塔->虚拟节点": 0.8333333333333334
}