{
 "分水器/冷站冷冻供水管->  阀": 0.0,
 "分水器/冷站冷冻供水管->冷却塔": 0.0,
 "冷机->分水器/冷站冷冻供水管": 1.0,
 "泵->冷机": 0.06923076923076923,
 "集水器/冷战冷冻回水管->泵": 0.95,
 "集水器/冷战冷冻回水管->  阀": 0.1,
 "  阀->分水器/冷站冷冻供水管": 1.0,
 "  阀->集水器/冷战冷冻回水管": 0.9,
 "  阀->空调末端": 0.12857142857142856,
 "空调末端->冷却塔": 0.9285714285714286,
 "  阀->冷却塔": 0.1,
 "定压水箱->  阀": 1.0,
 "冷却塔->  阀": 0.014285714285714285,
 "冷却塔->冷却塔": 0.05,
 "冷却塔->集水器/冷战冷冻回水管": 0.95,
 "新风口->空调机组": 1.0,
 "空调机组->送风口": 0.9882352941176471,
 "空调机组->排风口": 0.0,
 "回风口->  阀": 1.0,
 "  阀->空调机组": 0.9375,
 "回风口->空调机组": 1.0,
 "风机盘管->送风口": 1.0,
 "回风口->风机盘管": 1.0,
 "新风口->新风机组": 1.0,
 "新风机组->风机盘管": 1.0,
 "集水器/冷战冷冻回水管->虚拟节点": 0.924,
 "冷机->虚拟节点": 0.9545454545454546,
 "  阀->虚拟节点": 0.8325396825396826,
 "虚拟节点->  阀": 0.284,
 "虚拟节点->分水器/冷站冷冻供水管": 0.932,
 "虚拟节点->泵": 0.3016949152542373,
 "冷机->泵": 0.13333333333333333,
 "泵->虚拟节点": 0.95,
 "虚拟节点->冷机": 0.19230769230769232,
 "  阀->冷机": 0.9272727272727272,
 "冷机->  阀": 0.05,
 "泵->  阀": 0.05454545454545454,
 "板式换热器->虚拟节点": 0.8833333333333333,
 "虚拟节点->板式换热器": 0.30625,
 "泵->板式换热器": 0.3,
 "板式换热器->泵": 0.925,
 "板式换热器->板式换热器": 0.475,
 "虚拟节点->冷却塔": 0.0,
 "自来水->泵": 1.0,
 "冷却塔->虚拟节点": 0.9333333333333333
}