{
 "分水器/冷站冷冻供水管->  阀": 1.0,
 "分水器/冷站冷冻供水管->冷却塔": 0.95,
 "冷机->分水器/冷站冷冻供水管": 1.0,
 "泵->冷机": 0.7153846153846154,
 "集水器/冷战冷冻回水管->泵": 0.9,
 "集水器/冷战冷冻回水管->  阀": 0.95,
 "  阀->分水器/冷站冷冻供水管": 1.0,
 "  阀->集水器/冷战冷冻回水管": 0.95,
 "  阀->空调末端": 0.9857142857142858,
 "空调末端->冷却塔": 0.9428571428571428,
 "  阀->冷却塔": 1.0,
 "定压水箱->  阀": 0.95,
 "冷却塔->  阀": 0.9714285714285714,
 "冷却塔->冷却塔": 0.95,
 "冷却塔->集水器/冷战冷冻回水管": 0.85,
 "新风口->空调机组": 0.97,
 "空调机组->送风口": 1.0,
 "空调机组->排风口": 1.0,
 "回风口->  阀": 0.8833333333333333,
 "  阀->空调机组": 0.9375,
 "回风口->空调机组": 0.9666666666666667,
 "风机盘管->送风口": 1.0,
 "回风口->风机盘管": 0.9409090909090909,
 "新风口->新风机组": 0.9625,
 "新风机组->风机盘管": 0.9916666666666667,
 "集水器/冷战冷冻回水管->虚拟节点": 0.856,
 "冷机->虚拟节点": 0.9409090909090909,
 "  阀->虚拟节点": 0.8944444444444445,
 "虚拟节点->分水器/冷站冷冻供水管": 0.944,
 "虚拟节点->  阀": 0.8432,
 "虚拟节点->泵": 0.940677966101695,
 "冷机->泵": 0.13333333333333333,
 "泵->虚拟节点": 0.9088235294117647,
 "虚拟节点->冷机": 0.9,
 "  阀->冷机": 0.9757575757575757,
 "冷机->  阀": 0.96,
 "泵->  阀": 0.95,
 "板式换热器->虚拟节点": 0.925,
 "虚拟节点->板式换热器": 0.9625,
 "泵->板式换热器": 0.9,
 "板式换热器->泵": 0.2,
 "板式换热器->板式换热器": 0.975,
 "虚拟节点->冷却塔": 0.9333333333333333,
 "自来水->泵": 0.9,
 "冷却塔->虚拟节点": 0.8666666666666667
}