{
 "分水器/冷站冷冻供水管-冷机": 0.002349503041286799,
 "分水器/冷站冷冻供水管-  阀": 0.0019650818894314135,
 "分水器/冷站冷冻供水管-冷却塔": 0.07568948541820723,
 "冷机-分水器/冷站冷冻供水管": 0.002349503041286799,
 "冷机-泵": 0.06843921881232182,
 "泵-冷机": 0.06843921881232182,
 "泵-集水器/冷战冷冻回水管": 0.00556605615983041,
 "集水器/冷战冷冻回水管-泵": 0.00556605615983041,
 "集水器/冷战冷冻回水管-  阀": 0.0066407522529260184,
 "集水器/冷战冷冻回水管-冷却塔": 0.1851561140670568,
 "  阀-分水器/冷站冷冻供水管": 0.0019650818894314135,
 "  阀-集水器/冷战冷冻回水管": 0.0066407522529260184,
 "  阀-空调末端": 0.012847659303916808,
 "  阀-冷却塔": 0.016147270083098013,
 "空调末端-  阀": 0.012847659303916808,
 "空调末端-冷却塔": 0.02526642958791613,
 "  阀-定压水箱": 0.08023100579003575,
 "定压水箱-  阀": 0.08023100579003575,
 "冷却塔-  阀": 0.016147270083098013,
 "冷却塔-冷却塔": 0.007702379751372631,
 "冷却塔-分水器/冷站冷冻供水管": 0.07568948541820723,
 "冷却塔-集水器/冷战冷冻回水管": 0.1851561140670568,
 "冷却塔-空调末端": 0.02526642958791613,
 "新风口-空调机组": 0.29748086518489436,
 "空调机组-新风口": 0.29748086518489436,
 "空调机组-送风口": 0.05814871168312542,
 "空调机组-排风口": 0.04550449149089793,
 "送风口-空调机组": 0.05814871168312542,
 "排风口-空调机组": 0.04550449149089793,
 "空调机组-  阀": 0.18375094904988487,
 "回风口-  阀": 0.13061104963245873,
 "  阀-空调机组": 0.18375094904988487,
 "  阀-回风口": 0.1306110496324587,
 "空调机组-回风口": 0.4432598151782664,
 "回风口-空调机组": 0.4432598151782664,
 "送风口-风机盘管": 0.06518402086032268,
 "风机盘管-送风口": 0.06518402086032268,
 "风机盘管-回风口": 0.3449613296983561,
 "回风口-风机盘管": 0.3449613296983561,
 "新风口-新风机组": 0.20779340184609127,
 "新风机组-新风口": 0.20779340184609127,
 "新风机组-风机盘管": 0.23972017583208505,
 "风机盘管-新风机组": 0.23972017583208505,
 "分水器/冷站冷冻供水管-虚拟节点": 0.06991860404029467,
 "集水器/冷战冷冻回水管-虚拟节点": 0.5143631809289849,
 "冷机-虚拟节点": 0.08974202924739198,
 "泵-虚拟节点": 0.07646510449969397,
 "  阀-虚拟节点": 0.07720403646292626,
 "虚拟节点-分水器/冷站冷冻供水管": 0.06991860404029467,
 "虚拟节点-冷机": 0.08974202924739198,
 "虚拟节点-  阀": 0.07720403646292626,
 "虚拟节点-集水器/冷战冷冻回水管": 0.5143631809289849,
 "虚拟节点-泵": 0.07646510449969397,
 "冷机-  阀": 0.08823491404362789,
 "  阀-冷机": 0.08823491404362789,
 "泵-  阀": 0.06915721577365169,
 "  阀-泵": 0.06915721577365169,
 "板式换热器-虚拟节点": 0.062319497824149,
 "虚拟节点-板式换热器": 0.062319497824149,
 "泵-板式换热器": 0.10369139936249505,
 "板式换热器-泵": 0.10369139936249505,
 "板式换热器-板式换热器": 0.049819935183120764,
 "虚拟节点-冷却塔": 0.046825663120976725,
 "泵-自来水": 0.04585973366575538,
 "自来水-泵": 0.04585973366575538,
 "冷却塔-虚拟节点": 0.04682566312097673
}