{
 "冷机->分水器/冷站冷冻供水管": 0.9815405635851846,
 "  阀->分水器/冷站冷冻供水管": 0.9712310295022768,
 "冷却塔->分水器/冷站冷冻供水管": 0.8019861895712044,
 "冷机->泵": 0.7842751340191234,
 "集水器/冷战冷冻回水管->泵": 0.9190560298994065,
 "  阀->集水器/冷战冷冻回水管": 0.947876617810895,
 "冷却塔->集水器/冷战冷冻回水管": 0.747717476848753,
 "空调末端->  阀": 0.9506815242573223,
 "冷却塔->  阀": 0.9072089710561707,
 "空调末端->冷却塔": 0.9638809094212147,
 "  阀->冷却塔": 0.9672894893210777,
 "定压水箱->  阀": 0.9209001584159363,
 "冷却塔->冷却塔": 0.9535861026429107,
 "  阀->空调末端": 0.9028114001011025,
 "冷却塔->空调末端": 0.6474932131681046,
 "集水器/冷战冷冻回水管->  阀": 0.49048769741411885,
 "集水器/冷战冷冻回水管->冷却塔": 0.6664359836125877,
 "泵->集水器/冷战冷冻回水管": 0.4103997222177781,
 "新风口->空调机组": 0.9561415730178799,
 "空调机组->送风口": 0.8104996753979388,
 "排风口->空调机组": 0.9803764056868874,
 "送风口->空调机组": 0.6580235943722677,
 "  阀->空调机组": 0.85615638776884,
 "回风口->  阀": 0.9048399587986192,
 "空调机组->  阀": 0.19440892129479753,
 "回风口->空调机组": 0.9491527515550633,
 "风机盘管->送风口": 0.9183683033486476,
 "回风口->风机盘管": 0.9300506834649032,
 "新风口->新风机组": 0.8745046049511813,
 "新风机组->风机盘管": 0.8417965336267889,
 "分水器/冷站冷冻供水管->虚拟节点": 0.9578778514902621,
 "集水器/冷战冷冻回水管->虚拟节点": 0.7995551183113143,
 "泵->冷机": 0.5172351468162817,
 "冷机->虚拟节点": 0.8539097390754739,
 "泵->虚拟节点": 0.8520256113897887,
 "  阀->虚拟节点": 0.8269630196033333,
 "虚拟节点->  阀": 0.6891892195720708,
 "虚拟节点->分水器/冷站冷冻供水管": 0.6976816907938986,
 "虚拟节点->泵": 0.7270873033650683,
 "虚拟节点->冷机": 0.5244268377695016,
 "虚拟节点->集水器/冷战冷冻回水管": 0.026761773662462924,
 "  阀->冷机": 0.7303863689440631,
 "冷机->  阀": 0.6918609780989647,
 "  阀->泵": 0.8235072103322569,
 "泵->  阀": 0.8262572094923105,
 "板式换热器->虚拟节点": 0.8107235200218287,
 "虚拟节点->板式换热器": 0.8013290838623875,
 "泵->板式换热器": 0.6004461896882436,
 "板式换热器->板式换热器": 0.8546428741202321,
 "板式换热器->泵": 0.5369961767055808,
 "冷却塔->虚拟节点": 0.8625686811073207,
 "自来水->泵": 0.8709367989090235,
 "虚拟节点->冷却塔": 0.2765712278049037
}