{
 "回风口->  阀": 0.9217110385387484,
 "泵->虚拟节点": 0.8487252159477926,
 "虚拟节点->泵": 0.7807179939289196,
 "  阀->虚拟节点": 0.825068474880448,
 "虚拟节点->  阀": 0.7630044067996692,
 "泵->  阀": 0.7507997538136865,
 "泵->集水器/冷战冷冻回水管": 0.8647697097127676,
 "风机盘管->送风口": 0.8875201127082505,
 "冷机->分水器/冷站冷冻供水管": 0.9206224378108947,
 "板式换热器->虚拟节点": 0.7487004975827596,
 "空调机组->送风口": 0.9116319988709954,
 "虚拟节点->冷机": 0.7827904121837169,
 "冷机->  阀": 0.7589697125418017,
 "空调机组->排风口": 0.903580590975699,
 "新风机组->新风口": 0.8926450204923742,
 "  阀->空调末端": 0.9330881639431996,
 "冷机->虚拟节点": 0.8387137412612318,
 "回风口->风机盘管": 0.9538717728442244,
 "空调末端->  阀": 0.9397399169448412,
 "  阀->泵": 0.7476372001434063,
 "虚拟节点->冷却塔": 0.7755309698152931,
 "冷机->泵": 0.8972301462227235,
 "送风口->空调机组": 0.9682574748359771,
 "虚拟节点->板式换热器": 0.7444509073733745,
 "虚拟节点->分水器/冷站冷冻供水管": 0.7065590251591799,
 "  阀->冷机": 0.7565075600604192,
 "板式换热器->板式换热器": 0.930099669135146,
 "空调机组->  阀": 0.8527489487237598,
 "新风口->新风机组": 0.8207510817933192,
 "空调机组->回风口": 0.8151263317708934,
 "回风口->空调机组": 0.825892541845324,
 "  阀->回风口": 0.9568897170995879,
 "集水器/冷战冷冻回水管->虚拟节点": 0.7940035988622909,
 "集水器/冷战冷冻回水管->冷却塔": 0.7946544767584001,
 "  阀->集水器/冷战冷冻回水管": 0.9339735527931569,
 "送风口->风机盘管": 0.9468214015354711,
 "风机盘管->回风口": 0.8973005066088475,
 "虚拟节点->集水器/冷战冷冻回水管": 0.6739205862716248,
 "冷却塔->冷却塔": 0.9320788445469441,
 "新风口->空调机组": 0.9569774800837226,
 "风机盘管->新风机组": 0.7512192167071973,
 "冷却塔->  阀": 0.9335133482430531,
 "定压水箱->  阀": 0.9647645663180073,
 "  阀->分水器/冷站冷冻供水管": 0.9223516072515451,
 "冷却塔->虚拟节点": 0.7558194597921192,
 "新风机组->风机盘管": 0.7666930902843989,
 "冷却塔->空调末端": 0.9543659060811581,
 "分水器/冷站冷冻供水管->虚拟节点": 0.8254329223722807,
 "空调末端->冷却塔": 0.9650381533456254,
 "泵->冷机": 0.8931278705848197,
 "排风口->空调机组": 0.9541518400026158,
 "  阀->冷却塔": 0.947956136272554,
 "自来水->泵": 0.9347763924867515,
 "集水器/冷战冷冻回水管->泵": 0.8870743664825582,
 "  阀->空调机组": 0.8672571666076707,
 "空调机组->新风口": 0.9016545489298233,
 "泵->自来水": 0.9537584968828536,
 "集水器/冷战冷冻回水管->  阀": 0.9423141341033814,
 "分水器/冷站冷冻供水管->冷机": 0.9209689889559006,
 "分水器/冷站冷冻供水管->冷却塔": 0.8251805378717698,
 "  阀->定压水箱": 0.9619683544622328,
 "泵->板式换热器": 0.9173983166780827,
 "冷却塔->分水器/冷站冷冻供水管": 0.876538791841508,
 "板式换热器->泵": 0.8165759519605287,
 "冷却塔->集水器/冷战冷冻回水管": 0.8625262445959019,
 "分水器/冷站冷冻供水管->  阀": 0.9158862168265667
}