{
 "  阀->虚拟节点": 0.8092155854760824,
 "  阀->空调末端": 0.8428868560918867,
 "新风机组->新风口": 0.8423339938020439,
 "送风口->风机盘管": 0.9439929057783402,
 "回风口->  阀": 0.9196716676689783,
 "虚拟节点->  阀": 0.7411610687525864,
 "泵->自来水": 0.9430303261173245,
 "泵->虚拟节点": 0.8679533254945402,
 "虚拟节点->空调末端": 0.9344959306705802,
 "冷机->分水器/冷站冷冻供水管": 0.9227482651675223,
 "虚拟节点->泵": 0.7910571310178403,
 "风机盘管->送风口": 0.8670174601522195,
 "虚拟节点->分水器/冷站冷冻供水管": 0.7073171660693579,
 "风机盘管->新风机组": 0.8149228295064926,
 "冷机->  阀": 0.7510447589419129,
 "集水器/冷战冷冻回水管->虚拟节点": 0.7927393685170996,
 "新风机组->风机盘管": 0.8259528549603085,
 "  阀->冷机": 0.75070327377066,
 "空调机组->  阀": 0.8636365226607967,
 "  阀->泵": 0.7796329811818057,
 "冷机->虚拟节点": 0.8377992013536181,
 "虚拟节点->集水器/冷战冷冻回水管": 0.6683103517725499,
 "  阀->回风口": 0.9368401709903131,
 "虚拟节点->冷机": 0.7829553828997471,
 "风机盘管->回风口": 0.877594806003716,
 "分水器/冷站冷冻供水管->虚拟节点": 0.827449962796145,
 "回风口->风机盘管": 0.9445211340921477,
 "泵->  阀": 0.789609933954262,
 "排风口->空调机组": 0.9460919761533813,
 "新风口->新风机组": 0.74471977896093,
 "板式换热器->虚拟节点": 0.7334270747284725,
 "  阀->空调机组": 0.8073835071322057,
 "虚拟节点->虚拟节点": 0.8831826747977175,
 "冷机->泵": 0.8901512006877823,
 "新风口->空调机组": 0.9441789409068707,
 "板式换热器->板式换热器": 0.9532914009280388,
 "泵->冷机": 0.8816502210669439,
 "集水器/冷战冷冻回水管->  阀": 0.869371233069617,
 "空调末端->虚拟节点": 0.9382609532642927,
 "空调机组->送风口": 0.9011983841255764,
 "空调末端->  阀": 0.8495046458243947,
 "空调机组->回风口": 0.8124934209207603,
 "送风口->空调机组": 0.9611770247013162,
 "  阀->集水器/冷战冷冻回水管": 0.8835083342400153,
 "回风口->空调机组": 0.8513928361130301,
 "虚拟节点->冷却塔": 0.7278120588486532,
 "空调机组->新风口": 0.8903680725533928,
 "分水器/冷站冷冻供水管->  阀": 0.9093771046557343,
 "空调机组->排风口": 0.9069256584464991,
 "自来水->泵": 0.938643847773181,
 "泵->板式换热器": 0.824660488982451,
 "定压水箱->  阀": 0.8781182441840899,
 "  阀->定压水箱": 0.883218406058307,
 "集水器/冷战冷冻回水管->泵": 0.934188614483937,
 "虚拟节点->板式换热器": 0.7450413727286407,
 "冷却塔->虚拟节点": 0.6857913504295783,
 "分水器/冷站冷冻供水管->冷机": 0.9204692698849295,
 "  阀->分水器/冷站冷冻供水管": 0.9062159978571314,
 "泵->集水器/冷战冷冻回水管": 0.9407199442177084,
 "板式换热器->泵": 0.6891508564265523
}