{
 "冷机->  阀": 0.7318979542200138,
 "送风口->风机盘管": 0.9313873544758035,
 "  阀->虚拟节点": 0.8190158695323244,
 "  阀->冷机": 0.7650751758120755,
 "定压水箱->  阀": 0.9532039411354246,
 "分水器/冷站冷冻供水管->虚拟节点": 0.8281842919248222,
 "送风口->空调机组": 0.9594824956960346,
 "冷机->虚拟节点": 0.8475616179843943,
 "风机盘管->送风口": 0.7038370558168905,
 "虚拟节点->板式换热器": 0.7090485024679825,
 "泵->虚拟节点": 0.8601319069751453,
 "回风口->风机盘管": 0.9333637487826081,
 "  阀->回风口": 0.9400656300724907,
 "集水器/冷战冷冻回水管->虚拟节点": 0.794185488327179,
 "排风口->空调机组": 0.9447203713155201,
 "冷机->泵": 0.902365851693399,
 "风机盘管->新风机组": 0.7696484361873032,
 "新风口->空调机组": 0.9425375034846976,
 "  阀->冷却塔": 0.9571831150567135,
 "自来水->泵": 0.9611592831452748,
 "冷却塔->虚拟节点": 0.7818493273457666,
 "虚拟节点->  阀": 0.6776134850525011,
 "泵->冷机": 0.8892579713269786,
 "空调末端->冷却塔": 0.970626333625025,
 "集水器/冷战冷冻回水管->泵": 0.9030089535999392,
 "回风口->空调机组": 0.902402997246035,
 "新风机组->风机盘管": 0.7481653992445464,
 "风机盘管->回风口": 0.7415747232013002,
 "空调机组->  阀": 0.8380817132001982,
 "冷却塔->冷却塔": 0.9562021662965495,
 "板式换热器->虚拟节点": 0.8059364289808468,
 "空调末端->  阀": 0.934397592748052,
 "虚拟节点->冷却塔": 0.7722597108981459,
 "板式换热器->板式换热器": 0.9596582892347824,
 "  阀->分水器/冷站冷冻供水管": 0.9280228497831928,
 "集水器/冷战冷冻回水管->  阀": 0.9392341079921036,
 "空调机组->送风口": 0.5613819899697189,
 "新风机组->新风口": 0.8998929108410646,
 "冷却塔->分水器/冷站冷冻供水管": 0.8482286632608845,
 "泵->  阀": 0.7697274362057571,
 "空调机组->新风口": 0.7705761813461255,
 "虚拟节点->冷机": 0.670510668084894,
 "  阀->空调末端": 0.9298744799762104,
 "虚拟节点->泵": 0.7015066618389018,
 "虚拟节点->分水器/冷站冷冻供水管": 0.5318707424255762,
 "  阀->泵": 0.6282631948534965,
 "冷机->分水器/冷站冷冻供水管": 0.9193111527359347,
 "  阀->空调机组": 0.695846858874441,
 "板式换热器->泵": 0.2380740166301242,
 "泵->板式换热器": 0.8857704513463928,
 "冷却塔->空调末端": 0.9126289089614424,
 "冷却塔->  阀": 0.9170573765282903,
 "冷却塔->集水器/冷战冷冻回水管": 0.9017291572309739,
 "空调机组->回风口": 0.6990193653871675,
 "回风口->  阀": 0.8641594823040957,
 "分水器/冷站冷冻供水管->  阀": 0.9556073779503763,
 "新风口->新风机组": 0.8799182065506682,
 "集水器/冷战冷冻回水管->冷却塔": 0.8104685028364763,
 "分水器/冷站冷冻供水管->冷机": 0.8670561524816847,
 "空调机组->排风口": 0.7347825291832489,
 "分水器/冷站冷冻供水管->冷却塔": 0.8465918540746848,
 "泵->集水器/冷战冷冻回水管": 0.9341023992415411,
 "泵->自来水": 0.9999348646686198,
 "虚拟节点->集水器/冷战冷冻回水管": 0.5642031593416418,
 "  阀->定压水箱": 0.8843774507914366,
 "  阀->集水器/冷战冷冻回水管": 0.9715052091424864
}